Raubling,Bayern,Germany
Regen,Bayern,Germany
Regensburg,Bayern,Germany
Regenstauf,Bayern,Germany
Rehau,Bayern,Germany
Rodental,Bayern,Germany
Roding,Bayern,Germany
Rosenheim,Bayern,Germany
Roth,Bayern,Germany
Rothenbach,Bayern,Germany
Rothenburg,Bayern,Germany
Ruhstorf,Bayern,Germany
Schnelldorf,Bayern,Germany
Schongau,Bayern,Germany
Schrobenhausen,Bayern,Germany
Schwabach,Bayern,Germany
Schwabmunchen,Bayern,Germany
Schwandorf,Bayern,Germany
Schwarzenbach,Bayern,Germany
Schweinfurt,Bayern,Germany
Selb,Bayern,Germany
Selbitz,Bayern,Germany
Senden,Bayern,Germany
Simbach,Bayern,Germany
Sonthofen,Bayern,Germany
Spalt,Bayern,Germany
Stadtbergen,Bayern,Germany
Staffelstein,Bayern,Germany
Starnberg,Bayern,Germany
Stein,Bayern,Germany
Stephanskirchen,Bayern,Germany
Straubing,Bayern,Germany
Sulzbach-Rosenberg,Bayern,Germany
Taufkirchen,Bayern,Germany
Thansau,Bayern,Germany
Tirschenreuth,Bayern,Germany
Toging,Bayern,Germany
Traunreut,Bayern,Germany
Traunstein,Bayern,Germany
Treuchtlingen,Bayern,Germany
Trostberg,Bayern,Germany
Tutzing,Bayern,Germany
Unterbergen,Bayern,Germany
Unterhaching,Bayern,Germany
UnterschleiBheim,Bayern,Germany
Valley,Bayern,Germany
Vaterstetten,Bayern,Germany
Veitshochheim,Bayern,Germany
Viechtach,Bayern,Germany
Vilgertshofen,Bayern,Germany
Vilsbiburg,Bayern,Germany
Vilshofen,Bayern,Germany
Vohringen,Bayern,Germany
Volkach,Bayern,Germany
Waldkirchen,Bayern,Germany
Waldkraiburg,Bayern,Germany
Walkertshofen,Bayern,Germany
Wasserburg,Bayern,Germany
WeiBenburg,Bayern,Germany
WeiBenhorn,Bayern,Germany
Weiden,Bayern,Germany
Weidenberg,Bayern,Germany
Weilheim,Bayern,Germany
Wendelstein,Bayern,Germany
Werneck,Bayern,Germany
Wessling,Bayern,Germany
Wolfratshausen,Bayern,Germany
Wolnzach,Bayern,Germany
Wunsiedel,Bayern,Germany
Wurzburg,Bayern,Germany
Zirndorf,Bayern,Germany
Zwiesel,Bayern,Germany
Berlin,Berlin,Germany
Panketal,Berlin,Germany
Steinfeld,Berlin,Germany
Angermunde,Brandenburg,Germany
Bad Freienwalde,Brandenburg,Germany
Bad Liebenwerda,Brandenburg,Germany
Barnim,Brandenburg,Germany
Beeskow,Brandenburg,Germany
Bernau,Brandenburg,Germany
Blankenfelde,Brandenburg,Germany
Brandenburg,Brandenburg,Germany
Brieselang,Brandenburg,Germany
Cottbus,Brandenburg,Germany
Dahlewitz,Brandenburg,Germany
Dahme,Brandenburg,Germany
Eberswalde,Brandenburg,Germany
Eisenhuttenstadt,Brandenburg,Germany
Elsterwerda,Brandenburg,Germany
Erkner,Brandenburg,Germany
Falkensee,Brandenburg,Germany
Finsterwalde,Brandenburg,Germany
Forst,Brandenburg,Germany
Frankfurt,Brandenburg,Germany
Fredersdorf-Vogelsdorf,Brandenburg,Germany
Furstenwalde,Brandenburg,Germany
Glienicke,Brandenburg,Germany
Gransee,Brandenburg,Germany
GroBraschen,Brandenburg,Germany
Guben,Brandenburg,Germany
Heidesee,Brandenburg,Germany
Hennigsdorf,Brandenburg,Germany
Herzberg,Brandenburg,Germany
Hohen Neuendorf,Brandenburg,Germany
Jacobsdorf,Brandenburg,Germany
Juterbog,Brandenburg,Germany
Kleinmachnow,Brandenburg,Germany
Kolkwitz,Brandenburg,Germany
Konigs Wusterhausen,Brandenburg,Germany
Kyritz,Brandenburg,Germany
Lauchhammer,Brandenburg,Germany
Lubben,Brandenburg,Germany
Lubbenau,Brandenburg,Germany
Luckenwalde,Brandenburg,Germany
Ludwigsfelde,Brandenburg,Germany
Nauen,Brandenburg,Germany
Neuenhagen,Brandenburg,Germany
Neuruppin,Brandenburg,Germany
Oranienburg,Brandenburg,Germany
Perleberg,Brandenburg,Germany
Petershagen-Eggersdorf,Brandenburg,Germany
Potsdam,Brandenburg,Germany
Premnitz,Brandenburg,Germany
Prenzlau,Brandenburg,Germany
Pritzwalk,Brandenburg,Germany
Rathenow,Brandenburg,Germany
Rudersdorf,Brandenburg,Germany
Schonefeld,Brandenburg,Germany
Schoneiche,Brandenburg,Germany
Schwedt,Brandenburg,Germany
Schwielowsee,Brandenburg,Germany
Senftenberg,Brandenburg,Germany
Spremberg,Brandenburg,Germany
Strausberg,Brandenburg,Germany
Teltow,Brandenburg,Germany
Templin,Brandenburg,Germany
Velten,Brandenburg,Germany
Werder,Brandenburg,Germany
Wildau,Brandenburg,Germany
Wittenberge,Brandenburg,Germany
Wittstock,Brandenburg,Germany
Zehdenick,Brandenburg,Germany
Zepernick,Brandenburg,Germany
Bremen,Bremen,Germany
Bremerhaven,Bremen,Germany
Berne,Hamburg,Germany
Hamburg,Hamburg,Germany
Diekholzen,Hannover,Germany
Heroldstatt,Heroldstatt,Germany
ABlar,Hessen,Germany
Alsbach-HÃƒÆ’Ã‚Â¤hnlein,Hessen,Germany
Alsfeld,Hessen,Germany
Altenstadt,Hessen,Germany
Angelburg,Hessen,Germany
Arolsen,Hessen,Germany
Asslar,Hessen,Germany
Babenhausen,Hessen,Germany
Bad Camberg,Hessen,Germany
Bad Hersfeld,Hessen,Germany
Bad Homburg,Hessen,Germany
Bad Nauheim,Hessen,Germany
Bad Orb,Hessen,Germany
Bad Schwalbach,Hessen,Germany
Bad Soden,Hessen,Germany
Bad Soden-Salmunster,Hessen,Germany
Bad Sooden-Allendorf,Hessen,Germany
Bad Vilbel,Hessen,Germany
Bad Wildungen,Hessen,Germany
Baunatal,Hessen,Germany
Bebra,Hessen,Germany
Beerfelden,Hessen,Germany
Bensheim,Hessen,Germany
Berkatal,Hessen,Germany
Biblis,Hessen,Germany
Bickenbach,Hessen,Germany
Biebertal,Hessen,Germany
Biedenkopf,Hessen,Germany
Birkenau,Hessen,Germany
Bischofsheim,Hessen,Germany
Borken,Hessen,Germany
Braunfels,Hessen,Germany
Breidenbach,Hessen,Germany
Bruchkobel,Hessen,Germany
Budingen,Hessen,Germany
Burstadt,Hessen,Germany
Buseck,Hessen,Germany
Buttelborn,Hessen,Germany
Butzbach,Hessen,Germany
Darmstadt,Hessen,Germany
Dautphetal,Hessen,Germany
Dieburg,Hessen,Germany
Dietzenbach,Hessen,Germany
Dillenburg,Hessen,Germany
Dreieich,Hessen,Germany
Egelsbach,Hessen,Germany
Eichenzell,Hessen,Germany
Eltville,Hessen,Germany
Eppstein,Hessen,Germany
Erbach,Hessen,Germany
Erlensee,Hessen,Germany
Erzhausen,Hessen,Germany
Eschborn,Hessen,Germany
Eschenburg,Hessen,Germany
Eschwege,Hessen,Germany
Felsberg,Hessen,Germany
Fernwald,Hessen,Germany
Florsheim,Hessen,Germany
Frankenberg,Hessen,Germany
Frankfurt,Hessen,Germany
Freigericht,Hessen,Germany
Friedberg,Hessen,Germany
Friedrichsdorf,Hessen,Germany
Fritzlar,Hessen,Germany
Fulda,Hessen,Germany
Fuldabruck,Hessen,Germany
Fuldatal,Hessen,Germany
Geisenheim,Hessen,Germany
Gelnhausen,Hessen,Germany
Gernsheim,Hessen,Germany
GieBen,Hessen,Germany
Giessen,Hessen,Germany
Ginsheim-Gustavsburg,Hessen,Germany
Gladenbach,Hessen,Germany
Griesheim,Hessen,Germany
GroB-Gerau,Hessen,Germany
GroB-Umstadt,Hessen,Germany
GroB-Zimmern,Hessen,Germany
Grossenluder,Hessen,Germany
Gruenberg,Hessen,Germany
Grunberg,Hessen,Germany
Grundau,Hessen,Germany
Hadamar,Hessen,Germany
Haiger,Hessen,Germany
Hainburg,Hessen,Germany
Hanau,Hessen,Germany
Hattersheim,Hessen,Germany
Heppenheim,Hessen,Germany
Herborn,Hessen,Germany
Hessisch Lichtenau,Hessen,Germany
Heuchelheim,Hessen,Germany
Heusenstamm,Hessen,Germany
Hochheim,Hessen,Germany
Hochst,Hessen,Germany
Hofbieber,Hessen,Germany
Hofgeismar,Hessen,Germany
Hofheim,Hessen,Germany
Homberg,Hessen,Germany
Hunfeld,Hessen,Germany
Hunfelden,Hessen,Germany
Hungen,Hessen,Germany
Huttenberg,Hessen,Germany
Idstein,Hessen,Germany
Karben,Hessen,Germany
Kassel,Hessen,Germany
Kaufungen,Hessen,Germany
Kelkheim,Hessen,Germany
Kelsterbach,Hessen,Germany
Kirchhain,Hessen,Germany
Konigstein,Hessen,Germany
Korbach,Hessen,Germany
Kriftel,Hessen,Germany
Kronberg,Hessen,Germany
Kunzell,Hessen,Germany
Lahnau,Hessen,Germany
Lahntal,Hessen,Germany
Lampertheim,Hessen,Germany
Langen,Hessen,Germany
Langenselbold,Hessen,Germany
Langgons,Hessen,Germany
Laubach,Hessen,Germany
Lauterbach,Hessen,Germany
Lich,Hessen,Germany
Limburg,Hessen,Germany
Linden,Hessen,Germany
Lindenholzhausen,Hessen,Germany
Linsengericht,Hessen,Germany
Lohfelden,Hessen,Germany
Lollar,Hessen,Germany
Lorsch,Hessen,Germany
Maintal,Hessen,Germany
Marburg,Hessen,Germany
Melsungen,Hessen,Germany
Mengerskirchen,Hessen,Germany
Michelstadt,Hessen,Germany
Morfelden-Walldorf,Hessen,Germany
Morlenbach,Hessen,Germany
Mucke,Hessen,Germany
Muhlheim,Hessen,Germany
Muhltal,Hessen,Germany
Munster,Hessen,Germany
Nauheim,Hessen,Germany
Neu-Anspach,Hessen,Germany
Neu-Isenburg,Hessen,Germany
Neuhof,Hessen,Germany
Neustadt,Hessen,Germany
Nidda,Hessen,Germany
Niddatal,Hessen,Germany
Nidderau,Hessen,Germany
Niederdorfelden,Hessen,Germany
Niedernhausen,Hessen,Germany
Niestetal,Hessen,Germany
Ober-Ramstedt,Hessen,Germany
Obertshausen,Hessen,Germany
Oberursel,Hessen,Germany
Oestrich-Winkel,Hessen,Germany
Offenbach,Hessen,Germany
Petersberg,Hessen,Germany
Pfungstadt,Hessen,Germany
Pohlheim,Hessen,Germany
Raunheim,Hessen,Germany
Reichelsheim,Hessen,Germany
Reinheim,Hessen,Germany
Reiskirchen,Hessen,Germany
Riedstadt,Hessen,Germany
Rimbach,Hessen,Germany
RoBdorf,Hessen,Germany
Rodenbach,Hessen,Germany
Rodermark,Hessen,Germany
Rodgau,Hessen,Germany
Rosbach,Hessen,Germany
Rotenburg,Hessen,Germany
Rudesheim,Hessen,Germany
Runkel,Hessen,Germany
Russelsheim,Hessen,Germany
Schauenburg,Hessen,Germany
Schlangenbad,Hessen,Germany
Schlitz,Hessen,Germany
Schluchtern,Hessen,Germany
Schoneck,Hessen,Germany
Schotten,Hessen,Germany
Schwalbach,Hessen,Germany
Schwalbach am Taunus,Hessen,Germany
Schwalmstadt,Hessen,Germany
Seeheim-Jugenheim,Hessen,Germany
Seligenstadt,Hessen,Germany
Selters,Hessen,Germany
Sinntal,Hessen,Germany
Solms,Hessen,Germany
Sontra,Hessen,Germany
Spangenberg,Hessen,Germany
Stadtallendorf,Hessen,Germany
Steinau,Hessen,Germany
Steinbach,Hessen,Germany
Taunusstein,Hessen,Germany
Trebur,Hessen,Germany
Ulrichstein,Hessen,Germany
Usingen,Hessen,Germany
Vellmar,Hessen,Germany
Viernheim,Hessen,Germany
Volkmarsen,Hessen,Germany
Wachtersbach,Hessen,Germany
Wald-Michelbach,Hessen,Germany
Waldbrunn,Hessen,Germany
Waldems,Hessen,Germany
Wehrheim,Hessen,Germany
Weilburg,Hessen,Germany
Weilmunster,Hessen,Germany
Weiterstadt,Hessen,Germany
Wettenberg,Hessen,Germany
Wetter,Hessen,Germany
Wetzlar,Hessen,Germany
Wiesbaden,Hessen,Germany
Witzenhausen,Hessen,Germany
Wolfersheim,Hessen,Germany
Wolfhagen,Hessen,Germany
Zwingenberg,Hessen,Germany
Kortenberg,Kortenberg,Germany
Laasdorf,Laasdorf,Germany
Anklam,Mecklenburg-Vorpommern,Germany
Bad Doberan,Mecklenburg-Vorpommern,Germany
Barth,Mecklenburg-Vorpommern,Germany
Bergen,Mecklenburg-Vorpommern,Germany
Boizenburg,Mecklenburg-Vorpommern,Germany
Butzow,Mecklenburg-Vorpommern,Germany
Demmin,Mecklenburg-Vorpommern,Germany
Gagelow,Mecklenburg-Vorpommern,Germany
Gallin,Mecklenburg-Vorpommern,Germany
Grabow,Mecklenburg-Vorpommern,Germany
Greifswald,Mecklenburg-Vorpommern,Germany
Grevesmuhlen,Mecklenburg-Vorpommern,Germany
Grimmen,Mecklenburg-Vorpommern,Germany
Gustrow,Mecklenburg-Vorpommern,Germany
Hagenow,Mecklenburg-Vorpommern,Germany
Konigsee,Mecklenburg-Vorpommern,Germany
Lubtheen,Mecklenburg-Vorpommern,Germany
Ludersdorf,Mecklenburg-Vorpommern,Germany
Ludwigslust,Mecklenburg-Vorpommern,Germany
Malchin,Mecklenburg-Vorpommern,Germany
Neubrandenburg,Mecklenburg-Vorpommern,Germany
Neustrelitz,Mecklenburg-Vorpommern,Germany
Parchim,Mecklenburg-Vorpommern,Germany
Pasewalk,Mecklenburg-Vorpommern,Germany
Ribnitz-Damgarten,Mecklenburg-Vorpommern,Germany
Rostock,Mecklenburg-Vorpommern,Germany
SaBnitz,Mecklenburg-Vorpommern,Germany
Schweina,Mecklenburg-Vorpommern,Germany
Schwerin,Mecklenburg-Vorpommern,Germany
Selmsdorf,Mecklenburg-Vorpommern,Germany
Stralsund,Mecklenburg-Vorpommern,Germany
Teterow,Mecklenburg-Vorpommern,Germany
Torgelow,Mecklenburg-Vorpommern,Germany
Ueckermunde,Mecklenburg-Vorpommern,Germany
Waren,Mecklenburg-Vorpommern,Germany
Wismar,Mecklenburg-Vorpommern,Germany
Wolgast,Mecklenburg-Vorpommern,Germany
Zarrentin,Mecklenburg-Vorpommern,Germany
Mulfingen,Mulfingen,Germany
Grafing bei Munchen,Munich,Germany
Neubeuern,Neubeuern,Germany
Achim,Niedersachsen,Germany
Adendorf,Niedersachsen,Germany
Aerzen,Niedersachsen,Germany
Alfeld,Niedersachsen,Germany
Ankum,Niedersachsen,Germany
Apen,Niedersachsen,Germany
Aurich,Niedersachsen,Germany
Bad Bentheim,Niedersachsen,Germany
Bad Bevensen,Niedersachsen,Germany
Bad Essen,Niedersachsen,Germany
Bad Gandersheim,Niedersachsen,Germany
Bad Harzburg,Niedersachsen,Germany
Bad Iburg,Niedersachsen,Germany
Bad Laer,Niedersachsen,Germany
Bad Lauterberg,Niedersachsen,Germany
Bad Munder,Niedersachsen,Germany
Bad Nenndorf,Niedersachsen,Germany
Bad Pyrmont,Niedersachsen,Germany
Bad Sachsa,Niedersachsen,Germany
Bad Salzdetfurth,Niedersachsen,Germany
Bad Zwischenahn,Niedersachsen,Germany
BarBel,Niedersachsen,Germany
Barsinghausen,Niedersachsen,Germany
Bassum,Niedersachsen,Germany
Beesten,Niedersachsen,Germany
Belm,Niedersachsen,Germany
Bergen,Niedersachsen,Germany
Bissendorf,Niedersachsen,Germany
Bleckede,Niedersachsen,Germany
Bockenem,Niedersachsen,Germany
Bohmte,Niedersachsen,Germany
Bovenden,Niedersachsen,Germany
Brake,Niedersachsen,Germany
Bramsche,Niedersachsen,Germany
Braunschweig,Niedersachsen,Germany
Bremervorde,Niedersachsen,Germany
Brockel,Niedersachsen,Germany
Brunswick,Niedersachsen,Germany
Buchholz,Niedersachsen,Germany
Buckeburg,Niedersachsen,Germany
Burgdorf,Niedersachsen,Germany
Burgwedel,Niedersachsen,Germany
Buxtehude,Niedersachsen,Germany
Celle,Niedersachsen,Germany
Clausthal-Zellerfeld,Niedersachsen,Germany
Clenze,Niedersachsen,Germany
Cloppenburg,Niedersachsen,Germany
Cremlingen,Niedersachsen,Germany
Cuxhaven,Niedersachsen,Germany
Dahlenburg,Niedersachsen,Germany
Damme,Niedersachsen,Germany
Dannenberg,Niedersachsen,Germany
Dassel,Niedersachsen,Germany
Deinste,Niedersachsen,Germany
Delmenhorst,Niedersachsen,Germany
Diepholz,Niedersachsen,Germany
Dinklage,Niedersachsen,Germany
Dorverden,Niedersachsen,Germany
Dransfeld,Niedersachsen,Germany
Drochtersen,Niedersachsen,Germany
Duderstadt,Niedersachsen,Germany
Edemissen,Niedersachsen,Germany
Edewecht,Niedersachsen,Germany
Einbeck,Niedersachsen,Germany
Elsfleth,Niedersachsen,Germany
Elze,Niedersachsen,Germany
Emden,Niedersachsen,Germany
Emlichheim,Niedersachsen,Germany
Emmerthal,Niedersachsen,Germany
Emsburen,Niedersachsen,Germany
Eppendorf,Niedersachsen,Germany
Fallingbostel,Niedersachsen,Germany
Frellstedt,Niedersachsen,Germany
Friedeburg,Niedersachsen,Germany
Friedland,Niedersachsen,Germany
Friesoythe,Niedersachsen,Germany
Ganderkesee,Niedersachsen,Germany
Garbsen,Niedersachsen,Germany
Garrel,Niedersachsen,Germany
Geeste,Niedersachsen,Germany
Gehrden,Niedersachsen,Germany
Georgsmarienhutte,Niedersachsen,Germany
Gifhorn,Niedersachsen,Germany
Gleichen,Niedersachsen,Germany
Goslar,Niedersachsen,Germany
Gottingen,Niedersachsen,Germany
GroBefehn,Niedersachsen,Germany
GroBenkneten,Niedersachsen,Germany
Hagen,Niedersachsen,Germany
Hambergen,Niedersachsen,Germany
Hameln,Niedersachsen,Germany
Hannover,Niedersachsen,Germany
Hannoversch Munden,Niedersachsen,Germany
Haren,Niedersachsen,Germany
Harsum,Niedersachsen,Germany
Hasbergen,Niedersachsen,Germany
Haselunne,Niedersachsen,Germany
Hatten,Niedersachsen,Germany
Hauslingen,Niedersachsen,Germany
Helmstedt,Niedersachsen,Germany
Hemmingen,Niedersachsen,Germany
Herzberg,Niedersachsen,Germany
Hessisch Oldendorf,Niedersachsen,Germany
Hildesheim,Niedersachsen,Germany
Hilter,Niedersachsen,Germany
Hittfeld,Niedersachsen,Germany
Holzminden,Niedersachsen,Germany
Hoya,Niedersachsen,Germany
Hude,Niedersachsen,Germany
Ihlow,Niedersachsen,Germany
Ilsede,Niedersachsen,Germany
Isernhagen,Niedersachsen,Germany
Jade,Niedersachsen,Germany
Jever,Niedersachsen,Germany
Jork,Niedersachsen,Germany
Kalefeld,Niedersachsen,Germany
Kirchlinteln,Niedersachsen,Germany
Knesebeck,Niedersachsen,Germany
Konigslutter,Niedersachsen,Germany
Krummhorn,Niedersachsen,Germany
Laatzen,Niedersachsen,Germany
Lahstedt,Niedersachsen,Germany
Langelsheim,Niedersachsen,Germany
Langen,Niedersachsen,Germany
Langenhagen,Niedersachsen,Germany
Langwedel,Niedersachsen,Germany
Lastrup,Niedersachsen,Germany
Leer,Niedersachsen,Germany
Lehre,Niedersachsen,Germany
Lehrte,Niedersachsen,Germany
Lemforde,Niedersachsen,Germany
Lengede,Niedersachsen,Germany
Liebenburg,Niedersachsen,Germany
Lilienthal,Niedersachsen,Germany
Lingen,Niedersachsen,Germany
Lohne,Niedersachsen,Germany
Loningen,Niedersachsen,Germany
Lorup,Niedersachsen,Germany
Loxstedt,Niedersachsen,Germany
Luchow,Niedersachsen,Germany
Luneburg,Niedersachsen,Germany
Melle,Niedersachsen,Germany
Meppen,Niedersachsen,Germany
Moormerland,Niedersachsen,Germany
Munster,Niedersachsen,Germany
Neu Wulmstorf,Niedersachsen,Germany
Neustadt,Niedersachsen,Germany
Nienburg,Niedersachsen,Germany
Norden,Niedersachsen,Germany
Nordenham,Niedersachsen,Germany
Nordhorn,Niedersachsen,Germany
Nordstemmen,Niedersachsen,Germany
Norten-Hardenberg,Niedersachsen,Germany
Northeim,Niedersachsen,Germany
Obernkirchen,Niedersachsen,Germany
Oldenburg,Niedersachsen,Germany
Osnabruck,Niedersachsen,Germany
Ostercappeln,Niedersachsen,Germany
Osterholz-Scharmbeck,Niedersachsen,Germany
Osterode,Niedersachsen,Germany
Ostrhauderfehn,Niedersachsen,Germany
Ottersberg,Niedersachsen,Germany
Oyten,Niedersachsen,Germany
Papenburg,Niedersachsen,Germany
Pattensen,Niedersachsen,Germany
Peine,Niedersachsen,Germany
Quakenbruck,Niedersachsen,Germany
Rastede,Niedersachsen,Germany
Rehburg-Loccum,Niedersachsen,Germany
Rhauderfehn,Niedersachsen,Germany
Rinteln,Niedersachsen,Germany
Ritterhude,Niedersachsen,Germany
Ronnenberg,Niedersachsen,Germany
Rosdorf,Niedersachsen,Germany
Rosengarten,Niedersachsen,Germany
Rotenburg,Niedersachsen,Germany
Salzgitter,Niedersachsen,Germany
Salzhemmendorf,Niedersachsen,Germany
Sarstedt,Niedersachsen,Germany
Saterland,Niedersachsen,Germany
ScheeBel,Niedersachsen,Germany
Schiffdorf,Niedersachsen,Germany
Schneverdingen,Niedersachsen,Germany
Schoningen,Niedersachsen,Germany
Schortens,Niedersachsen,Germany
Schuttorf,Niedersachsen,Germany
Schwanewede,Niedersachsen,Germany
Seelze,Niedersachsen,Germany
Seesen,Niedersachsen,Germany
Seevetal,Niedersachsen,Germany
Sehnde,Niedersachsen,Germany
Soltau,Niedersachsen,Germany
Springe,Niedersachsen,Germany
Stade,Niedersachsen,Germany
Stadthagen,Niedersachsen,Germany
Stadtoldendorf,Niedersachsen,Germany
Stelle,Niedersachsen,Germany
Stuhr,Niedersachsen,Germany
Sudbrookmerland,Niedersachsen,Germany
Sulingen,Niedersachsen,Germany
Syke,Niedersachsen,Germany
Tarmstedt,Niedersachsen,Germany
Tostedt,Niedersachsen,Germany
Twistringen,Niedersachsen,Germany
Uchte,Niedersachsen,Germany
Uelzen,Niedersachsen,Germany
Uetze,Niedersachsen,Germany
Uplengen,Niedersachsen,Germany
Uslar,Niedersachsen,Germany
Varel,Niedersachsen,Germany
Vechelde,Niedersachsen,Germany
Vechta,Niedersachsen,Germany
Verden,Niedersachsen,Germany
Vienenburg,Niedersachsen,Germany
Visselhovede,Niedersachsen,Germany
Walkenried,Niedersachsen,Germany
Wallenhorst,Niedersachsen,Germany
Walsrode,Niedersachsen,Germany
Wangerland,Niedersachsen,Germany
Wardenburg,Niedersachsen,Germany
Wedemark,Niedersachsen,Germany
Weener,Niedersachsen,Germany
Wendeburg,Niedersachsen,Germany
Wennigsen,Niedersachsen,Germany
Westerstede,Niedersachsen,Germany
Westoverledingen,Niedersachsen,Germany
Weyhe,Niedersachsen,Germany
Wiefelstede,Niedersachsen,Germany
Wiesmoor,Niedersachsen,Germany
Wildeshausen,Niedersachsen,Germany
Wilhelmshaven,Niedersachsen,Germany
Winsen,Niedersachsen,Germany
Wittingen,Niedersachsen,Germany
Wittmund,Niedersachsen,Germany
Wolfenbuttel,Niedersachsen,Germany
Wolfsburg,Niedersachsen,Germany
Worpswede,Niedersachsen,Germany
Wunstorf,Niedersachsen,Germany
Zetel,Niedersachsen,Germany
Zeven,Niedersachsen,Germany
Middenbeemster,Noord-Holland,Germany
Aachen,Nordrhein-Westfalen,Germany
Ahaus,Nordrhein-Westfalen,Germany
Ahlen,Nordrhein-Westfalen,Germany
Aldenhoven,Nordrhein-Westfalen,Germany
Alfter,Nordrhein-Westfalen,Germany
Alpen,Nordrhein-Westfalen,Germany
Alsdorf,Nordrhein-Westfalen,Germany
Altena,Nordrhein-Westfalen,Germany
Altendorf,Nordrhein-Westfalen,Germany
Anrochte,Nordrhein-Westfalen,Germany
Arnsberg,Nordrhein-Westfalen,Germany
Ascheberg,Nordrhein-Westfalen,Germany
Attendorn,Nordrhein-Westfalen,Germany
Augustdorf,Nordrhein-Westfalen,Germany
Bad Berleburg,Nordrhein-Westfalen,Germany
Bad Driburg,Nordrhein-Westfalen,Germany
Bad Honnef,Nordrhein-Westfalen,Germany
Bad Laasphe,Nordrhein-Westfalen,Germany
Bad Lippspringe,Nordrhein-Westfalen,Germany
Bad Munstereifel,Nordrhein-Westfalen,Germany
Bad Oeynhausen,Nordrhein-Westfalen,Germany
Bad Salzuflen,Nordrhein-Westfalen,Germany
Bad Sassendorf,Nordrhein-Westfalen,Germany
Baesweiler,Nordrhein-Westfalen,Germany
Balve,Nordrhein-Westfalen,Germany
Barntrup,Nordrhein-Westfalen,Germany
Beckum,Nordrhein-Westfalen,Germany
Bedburg,Nordrhein-Westfalen,Germany
Bedburg-Hau,Nordrhein-Westfalen,Germany
Bergheim,Nordrhein-Westfalen,Germany
Bergisch Gladbach,Nordrhein-Westfalen,Germany
Bergkamen,Nordrhein-Westfalen,Germany
Bergneustadt,Nordrhein-Westfalen,Germany
Bestwig,Nordrhein-Westfalen,Germany
Beverungen,Nordrhein-Westfalen,Germany
Bielefeld,Nordrhein-Westfalen,Germany
Billerbeck,Nordrhein-Westfalen,Germany
Blomberg,Nordrhein-Westfalen,Germany
Bocholt,Nordrhein-Westfalen,Germany
Bochum,Nordrhein-Westfalen,Germany
Bocket,Nordrhein-Westfalen,Germany
Bonen,Nordrhein-Westfalen,Germany
Bonn,Nordrhein-Westfalen,Germany
Borchen,Nordrhein-Westfalen,Germany
Borgentreich,Nordrhein-Westfalen,Germany
Borgholzhausen,Nordrhein-Westfalen,Germany
Borken,Nordrhein-Westfalen,Germany
Bornheim,Nordrhein-Westfalen,Germany
Bottrop,Nordrhein-Westfalen,Germany
Brakel,Nordrhein-Westfalen,Germany
Brilon,Nordrhein-Westfalen,Germany
Bruggen,Nordrhein-Westfalen,Germany
Bruhl,Nordrhein-Westfalen,Germany
Bunde,Nordrhein-Westfalen,Germany
Burbach,Nordrhein-Westfalen,Germany
Buren,Nordrhein-Westfalen,Germany
Burscheid,Nordrhein-Westfalen,Germany
Castrop-Rauxel,Nordrhein-Westfalen,Germany
Coesfeld,Nordrhein-Westfalen,Germany
Cologne,Nordrhein-Westfalen,Germany
Datteln,Nordrhein-Westfalen,Germany
Delbruck,Nordrhein-Westfalen,Germany
Denklingen,Nordrhein-Westfalen,Germany
Detmold,Nordrhein-Westfalen,Germany
Dingden,Nordrhein-Westfalen,Germany
Dinslaken,Nordrhein-Westfalen,Germany
Dormagen,Nordrhein-Westfalen,Germany
Dorsten,Nordrhein-Westfalen,Germany
Dortmund,Nordrhein-Westfalen,Germany
Drensteinfurt,Nordrhein-Westfalen,Germany
Drolshagen,Nordrhein-Westfalen,Germany
Duisburg,Nordrhein-Westfalen,Germany
Dulmen,Nordrhein-Westfalen,Germany
Duren,Nordrhein-Westfalen,Germany
Dusseldorf,Nordrhein-Westfalen,Germany
Eitorf,Nordrhein-Westfalen,Germany
Elsdorf,Nordrhein-Westfalen,Germany
Emmerich,Nordrhein-Westfalen,Germany
Emsdetten,Nordrhein-Westfalen,Germany
Engelskirchen,Nordrhein-Westfalen,Germany
Enger,Nordrhein-Westfalen,Germany
Ennepetal,Nordrhein-Westfalen,Germany
Ennigerloh,Nordrhein-Westfalen,Germany
Ense,Nordrhein-Westfalen,Germany
Erftstadt,Nordrhein-Westfalen,Germany
Erkelenz,Nordrhein-Westfalen,Germany
Erkrath,Nordrhein-Westfalen,Germany
Erwitte,Nordrhein-Westfalen,Germany
Espelkamp,Nordrhein-Westfalen,Germany
Essen,Nordrhein-Westfalen,Germany
Euskirchen,Nordrhein-Westfalen,Germany
Extertal,Nordrhein-Westfalen,Germany
Finnentrop,Nordrhein-Westfalen,Germany
Frechen,Nordrhein-Westfalen,Germany
Freudenberg,Nordrhein-Westfalen,Germany
Frondenberg,Nordrhein-Westfalen,Germany
Gangelt,Nordrhein-Westfalen,Germany
Geilenkirchen,Nordrhein-Westfalen,Germany
Geldern,Nordrhein-Westfalen,Germany
Gelsenkirchen,Nordrhein-Westfalen,Germany
Gescher,Nordrhein-Westfalen,Germany
Geseke,Nordrhein-Westfalen,Germany
Gevelsberg,Nordrhein-Westfalen,Germany
Gladbeck,Nordrhein-Westfalen,Germany
Goch,Nordrhein-Westfalen,Germany
Grefrath,Nordrhein-Westfalen,Germany
Greven,Nordrhein-Westfalen,Germany
Grevenbroich,Nordrhein-Westfalen,Germany
Gronau,Nordrhein-Westfalen,Germany
Gummersbach,Nordrhein-Westfalen,Germany
Gutersloh,Nordrhein-Westfalen,Germany
Haan,Nordrhein-Westfalen,Germany
Hagen,Nordrhein-Westfalen,Germany
Halle,Nordrhein-Westfalen,Germany
Haltern,Nordrhein-Westfalen,Germany
Halver,Nordrhein-Westfalen,Germany
Hamm,Nordrhein-Westfalen,Germany
Hamminkeln,Nordrhein-Westfalen,Germany
Harsewinkel,Nordrhein-Westfalen,Germany
Hattingen,Nordrhein-Westfalen,Germany
Havixbeck,Nordrhein-Westfalen,Germany
Heiligenhaus,Nordrhein-Westfalen,Germany
Heinsberg,Nordrhein-Westfalen,Germany
Hemer,Nordrhein-Westfalen,Germany
Hennef,Nordrhein-Westfalen,Germany
Herdecke,Nordrhein-Westfalen,Germany
Herford,Nordrhein-Westfalen,Germany
Herne,Nordrhein-Westfalen,Germany
Herten,Nordrhein-Westfalen,Germany
Herzebrock-Clarholz,Nordrhein-Westfalen,Germany
Herzogenrath,Nordrhein-Westfalen,Germany
Hiddenhausen,Nordrhein-Westfalen,Germany
Hilchenbach,Nordrhein-Westfalen,Germany
Hilden,Nordrhein-Westfalen,Germany
Hille,Nordrhein-Westfalen,Germany
Holzwickede,Nordrhein-Westfalen,Germany
Horn-Bad Meinberg,Nordrhein-Westfalen,Germany
Horstel,Nordrhein-Westfalen,Germany
Hovelhof,Nordrhein-Westfalen,Germany
Hoxter,Nordrhein-Westfalen,Germany
Huckelhoven,Nordrhein-Westfalen,Germany
Huckeswagen,Nordrhein-Westfalen,Germany
Hullhorst,Nordrhein-Westfalen,Germany
Hunxe,Nordrhein-Westfalen,Germany
Hurth,Nordrhein-Westfalen,Germany
Ibbenburen,Nordrhein-Westfalen,Germany
Iserlohn,Nordrhein-Westfalen,Germany
Isselburg,Nordrhein-Westfalen,Germany
Issum,Nordrhein-Westfalen,Germany
Juchen,Nordrhein-Westfalen,Germany
Julich,Nordrhein-Westfalen,Germany
Kaarst,Nordrhein-Westfalen,Germany
Kalkar,Nordrhein-Westfalen,Germany
Kall,Nordrhein-Westfalen,Germany
Kalletal,Nordrhein-Westfalen,Germany
Kamen,Nordrhein-Westfalen,Germany
Kamp-Lintfort,Nordrhein-Westfalen,Germany
Kempen,Nordrhein-Westfalen,Germany
Kerken,Nordrhein-Westfalen,Germany
Kerpen,Nordrhein-Westfalen,Germany
Kevelaer,Nordrhein-Westfalen,Germany
Kierspe,Nordrhein-Westfalen,Germany
Kirchhundem,Nordrhein-Westfalen,Germany
Kirchlengern,Nordrhein-Westfalen,Germany
Kleve,Nordrhein-Westfalen,Germany
Koln,Nordrhein-Westfalen,Germany
Konigswinter,Nordrhein-Westfalen,Germany
Korschenbroich,Nordrhein-Westfalen,Germany
Krefeld,Nordrhein-Westfalen,Germany
Kreuzau,Nordrhein-Westfalen,Germany
Kreuztal,Nordrhein-Westfalen,Germany
Kurten,Nordrhein-Westfalen,Germany
Lage,Nordrhein-Westfalen,Germany
Langenfeld,Nordrhein-Westfalen,Germany
Langerwehe,Nordrhein-Westfalen,Germany
Leichlingen,Nordrhein-Westfalen,Germany
Lemgo,Nordrhein-Westfalen,Germany
Lengerich,Nordrhein-Westfalen,Germany
Lennestadt,Nordrhein-Westfalen,Germany
Leopoldshohe,Nordrhein-Westfalen,Germany
Leverkusen,Nordrhein-Westfalen,Germany
Lichtenau,Nordrhein-Westfalen,Germany
Lindlar,Nordrhein-Westfalen,Germany
Linnich,Nordrhein-Westfalen,Germany
Lippetal,Nordrhein-Westfalen,Germany
Lippstadt,Nordrhein-Westfalen,Germany
Lohmar,Nordrhein-Westfalen,Germany
Lohne,Nordrhein-Westfalen,Germany
Lotte,Nordrhein-Westfalen,Germany
Lubbecke,Nordrhein-Westfalen,Germany
Ludenscheid,Nordrhein-Westfalen,Germany
Ludinghausen,Nordrhein-Westfalen,Germany
Lugde,Nordrhein-Westfalen,Germany
Lunen,Nordrhein-Westfalen,Germany
Marienheide,Nordrhein-Westfalen,Germany
Marl,Nordrhein-Westfalen,Germany
Marsberg,Nordrhein-Westfalen,Germany
Mechernich,Nordrhein-Westfalen,Germany
Meckenheim,Nordrhein-Westfalen,Germany
Meerbusch,Nordrhein-Westfalen,Germany
Meinerzhagen,Nordrhein-Westfalen,Germany
Menden,Nordrhein-Westfalen,Germany
Meschede,Nordrhein-Westfalen,Germany
Mettingen,Nordrhein-Westfalen,Germany
Mettmann,Nordrhein-Westfalen,Germany
Minden,Nordrhein-Westfalen,Germany
Moers,Nordrhein-Westfalen,Germany
Mohnesee,Nordrhein-Westfalen,Germany
Monchengladbach,Nordrhein-Westfalen,Germany
Monheim,Nordrhein-Westfalen,Germany
Monschau,Nordrhein-Westfalen,Germany
Morsbach,Nordrhein-Westfalen,Germany
Much,Nordrhein-Westfalen,Germany
Mulheim,Nordrhein-Westfalen,Germany
Munster,Nordrhein-Westfalen,Germany
Netphen,Nordrhein-Westfalen,Germany
Nettetal,Nordrhein-Westfalen,Germany
Neuenkirchen,Nordrhein-Westfalen,Germany
Neuenrade,Nordrhein-Westfalen,Germany
Neukirchen-Vluyn,Nordrhein-Westfalen,Germany
Neunkirchen,Nordrhein-Westfalen,Germany
Neunkirchen-Seelscheid,Nordrhein-Westfalen,Germany
Neuss,Nordrhein-Westfalen,Germany
Nideggen,Nordrhein-Westfalen,Germany
Niederkassel,Nordrhein-Westfalen,Germany
Niederkruchten,Nordrhein-Westfalen,Germany
Niederzier,Nordrhein-Westfalen,Germany
Nordkirchen,Nordrhein-Westfalen,Germany
Norvenich,Nordrhein-Westfalen,Germany
Nottuln,Nordrhein-Westfalen,Germany
Numbrecht,Nordrhein-Westfalen,Germany
Oberhausen,Nordrhein-Westfalen,Germany
Ochtrup,Nordrhein-Westfalen,Germany
Odenthal,Nordrhein-Westfalen,Germany
Oelde,Nordrhein-Westfalen,Germany
Oer-Erkenschwick,Nordrhein-Westfalen,Germany
Oerlinghausen,Nordrhein-Westfalen,Germany
Olfen,Nordrhein-Westfalen,Germany
Olpe,Nordrhein-Westfalen,Germany
Olsberg,Nordrhein-Westfalen,Germany
Overath,Nordrhein-Westfalen,Germany
Paderborn,Nordrhein-Westfalen,Germany
Petershagen,Nordrhein-Westfalen,Germany
Plettenberg,Nordrhein-Westfalen,Germany
Porta Westfalica,Nordrhein-Westfalen,Germany
PreuBisch Oldendorf,Nordrhein-Westfalen,Germany
Pulheim,Nordrhein-Westfalen,Germany
Radevormwald,Nordrhein-Westfalen,Germany
Raesfeld,Nordrhein-Westfalen,Germany
Rahden,Nordrhein-Westfalen,Germany
Ratingen,Nordrhein-Westfalen,Germany
Recke,Nordrhein-Westfalen,Germany
Recklinghausen,Nordrhein-Westfalen,Germany
Rees,Nordrhein-Westfalen,Germany
Reichshof,Nordrhein-Westfalen,Germany
Reken,Nordrhein-Westfalen,Germany
Remscheid,Nordrhein-Westfalen,Germany
Rheda-Wiedenbruck,Nordrhein-Westfalen,Germany
Rhede,Nordrhein-Westfalen,Germany
Rheinbach,Nordrhein-Westfalen,Germany
Rheinberg,Nordrhein-Westfalen,Germany
Rheine,Nordrhein-Westfalen,Germany
Rietberg,Nordrhein-Westfalen,Germany
Rommerskirchen,Nordrhein-Westfalen,Germany
Rosendahl,Nordrhein-Westfalen,Germany
Rosrath,Nordrhein-Westfalen,Germany
Ruthen,Nordrhein-Westfalen,Germany
Salzkotten,Nordrhein-Westfalen,Germany
Sassenberg,Nordrhein-Westfalen,Germany
Schalksmuhle,Nordrhein-Westfalen,Germany
Schermbeck,Nordrhein-Westfalen,Germany
Schieder-Schwalenberg,Nordrhein-Westfalen,Germany
Schleiden,Nordrhein-Westfalen,Germany
SchloB Holte-Stukenbrock,Nordrhein-Westfalen,Germany
Schmallenberg,Nordrhein-Westfalen,Germany
Schwalmtal,Nordrhein-Westfalen,Germany
Schwelm,Nordrhein-Westfalen,Germany
Schwerte,Nordrhein-Westfalen,Germany
Selm,Nordrhein-Westfalen,Germany
Senden,Nordrhein-Westfalen,Germany
Sendenhorst,Nordrhein-Westfalen,Germany
Siegburg,Nordrhein-Westfalen,Germany
Siegen,Nordrhein-Westfalen,Germany
Simmerath,Nordrhein-Westfalen,Germany
Soest,Nordrhein-Westfalen,Germany
Solingen,Nordrhein-Westfalen,Germany
Sonsbeck,Nordrhein-Westfalen,Germany
Spenge,Nordrhein-Westfalen,Germany
Sprockhovel,Nordrhein-Westfalen,Germany
Stadtlohn,Nordrhein-Westfalen,Germany
Steinfurt,Nordrhein-Westfalen,Germany
Steinhagen,Nordrhein-Westfalen,Germany
Steinheim,Nordrhein-Westfalen,Germany
Stemwede,Nordrhein-Westfalen,Germany
Stolberg,Nordrhein-Westfalen,Germany
Straelen,Nordrhein-Westfalen,Germany
Sundern,Nordrhein-Westfalen,Germany
Swisttal,Nordrhein-Westfalen,Germany
Tecklenburg,Nordrhein-Westfalen,Germany
Telgte,Nordrhein-Westfalen,Germany
Tonisvorst,Nordrhein-Westfalen,Germany
Troisdorf,Nordrhein-Westfalen,Germany
Ubach-Palenberg,Nordrhein-Westfalen,Germany
Unna,Nordrhein-Westfalen,Germany
Velbert,Nordrhein-Westfalen,Germany
Velen,Nordrhein-Westfalen,Germany
Verl,Nordrhein-Westfalen,Germany
Versmold,Nordrhein-Westfalen,Germany
Viersen,Nordrhein-Westfalen,Germany
Vlotho,Nordrhein-Westfalen,Germany
Voerde,Nordrhein-Westfalen,Germany
Vreden,Nordrhein-Westfalen,Germany
Wachtberg,Nordrhein-Westfalen,Germany
Wachtendonk,Nordrhein-Westfalen,Germany
Wadersloh,Nordrhein-Westfalen,Germany
Waldbrol,Nordrhein-Westfalen,Germany
Waltrop,Nordrhein-Westfalen,Germany
Warburg,Nordrhein-Westfalen,Germany
Warendorf,Nordrhein-Westfalen,Germany
Warstein,Nordrhein-Westfalen,Germany
Wassenberg,Nordrhein-Westfalen,Germany
Weeze,Nordrhein-Westfalen,Germany
Wegberg,Nordrhein-Westfalen,Germany
Weilerswist,Nordrhein-Westfalen,Germany
Welver,Nordrhein-Westfalen,Germany
Wenden,Nordrhein-Westfalen,Germany
Werdohl,Nordrhein-Westfalen,Germany
Werl,Nordrhein-Westfalen,Germany
Wermelskirchen,Nordrhein-Westfalen,Germany
Werne,Nordrhein-Westfalen,Germany
Werther,Nordrhein-Westfalen,Germany
Wesel,Nordrhein-Westfalen,Germany
Wesseling,Nordrhein-Westfalen,Germany
Westerkappeln,Nordrhein-Westfalen,Germany
Wetter,Nordrhein-Westfalen,Germany
Wickede,Nordrhein-Westfalen,Germany
Wiehl,Nordrhein-Westfalen,Germany
Willich,Nordrhein-Westfalen,Germany
Wilnsdorf,Nordrhein-Westfalen,Germany
Windeck,Nordrhein-Westfalen,Germany
Winterberg,Nordrhein-Westfalen,Germany
Wipperfurth,Nordrhein-Westfalen,Germany
Witten,Nordrhein-Westfalen,Germany
Wulfrath,Nordrhein-Westfalen,Germany
Wunnenberg,Nordrhein-Westfalen,Germany
Wuppertal,Nordrhein-Westfalen,Germany
Wurselen,Nordrhein-Westfalen,Germany
Xanten,Nordrhein-Westfalen,Germany
Zulpich,Nordrhein-Westfalen,Germany
Herzberg am Harz,Osterode,Germany
Alzey,Rheinland-Pfalz,Germany
Andernach,Rheinland-Pfalz,Germany
Bad Durkheim,Rheinland-Pfalz,Germany
Bad Ems,Rheinland-Pfalz,Germany
Bad Kreuznach,Rheinland-Pfalz,Germany
Bad Neuenahr-Ahrweiler,Rheinland-Pfalz,Germany
Bendorf,Rheinland-Pfalz,Germany
Betzdorf,Rheinland-Pfalz,Germany
Bingen,Rheinland-Pfalz,Germany
Bitburg,Rheinland-Pfalz,Germany
Bobenheim-Roxheim,Rheinland-Pfalz,Germany
Bohl-Iggelheim,Rheinland-Pfalz,Germany
Boppard,Rheinland-Pfalz,Germany
Daun,Rheinland-Pfalz,Germany
Diez,Rheinland-Pfalz,Germany
Eisenberg,Rheinland-Pfalz,Germany
Essingen,Rheinland-Pfalz,Germany
Frankenthal,Rheinland-Pfalz,Germany
Gau-Odernheim,Rheinland-Pfalz,Germany
Germersheim,Rheinland-Pfalz,Germany
Grunstadt,Rheinland-Pfalz,Germany
HaBloch,Rheinland-Pfalz,Germany
Hahnstatten,Rheinland-Pfalz,Germany
Hallschlag,Rheinland-Pfalz,Germany
Herschbach,Rheinland-Pfalz,Germany
Herxheim,Rheinland-Pfalz,Germany
Hirschhorn,Rheinland-Pfalz,Germany
Hohr-Grenzhausen,Rheinland-Pfalz,Germany
Holzheim,Rheinland-Pfalz,Germany
Idar-Oberstein,Rheinland-Pfalz,Germany
Ingelheim,Rheinland-Pfalz,Germany
Kaisersesch,Rheinland-Pfalz,Germany
Kaiserslautern,Rheinland-Pfalz,Germany
Kastellaun,Rheinland-Pfalz,Germany
Kindsbach,Rheinland-Pfalz,Germany
Kirchen,Rheinland-Pfalz,Germany
Kirn,Rheinland-Pfalz,Germany
Koblenz,Rheinland-Pfalz,Germany
Lahnstein,Rheinland-Pfalz,Germany
Landau,Rheinland-Pfalz,Germany
Limburgerhof,Rheinland-Pfalz,Germany
Luckenburg,Rheinland-Pfalz,Germany
Ludwigshafen,Rheinland-Pfalz,Germany
Mainz,Rheinland-Pfalz,Germany
Mayen,Rheinland-Pfalz,Germany
Montabaur,Rheinland-Pfalz,Germany
Morbach,Rheinland-Pfalz,Germany
Mulheim-Karlich,Rheinland-Pfalz,Germany
Mundersbach,Rheinland-Pfalz,Germany
Mutterstadt,Rheinland-Pfalz,Germany
Nassau,Rheinland-Pfalz,Germany
Neitersen,Rheinland-Pfalz,Germany
Neustadt,Rheinland-Pfalz,Germany
Neuwied,Rheinland-Pfalz,Germany
Niederzissen,Rheinland-Pfalz,Germany
Pirmasens,Rheinland-Pfalz,Germany
Plaidt,Rheinland-Pfalz,Germany
Remagen,Rheinland-Pfalz,Germany
Schifferstadt,Rheinland-Pfalz,Germany
Schoenenberg Kuebelberg,Rheinland-Pfalz,Germany
Sinzig,Rheinland-Pfalz,Germany
Speyer,Rheinland-Pfalz,Germany
St. Goar,Rheinland-Pfalz,Germany
Trier,Rheinland-Pfalz,Germany
Vallendar,Rheinland-Pfalz,Germany
Winterbach,Rheinland-Pfalz,Germany
Wittlich,Rheinland-Pfalz,Germany
Worms,Rheinland-Pfalz,Germany
Worth,Rheinland-Pfalz,Germany
Zweibrucken,Rheinland-Pfalz,Germany
Adenau,Rhineland-Palatinate,Germany
Anhausen,Rhineland-Palatinate,Germany
Barbelroth,Rhineland-Palatinate,Germany
Berndroth,Rhineland-Palatinate,Germany
Bernkastel-Kues,Rhineland-Palatinate,Germany
Burgbrohl,Rhineland-Palatinate,Germany
Dieblich,Rhineland-Palatinate,Germany
Dierdorf,Rhineland-Palatinate,Germany
Dreisbach,Rhineland-Palatinate,Germany
Elsoff,Rhineland-Palatinate,Germany
Enkenbach-Alsenborn,Rhineland-Palatinate,Germany
Etzbach,Rhineland-Palatinate,Germany
Flonheim,Rhineland-Palatinate,Germany
Fohren,Rhineland-Palatinate,Germany
Grafschaft,Rhineland-Palatinate,Germany
Hochspeyer,Rhineland-Palatinate,Germany
Leiningen,Rhineland-Palatinate,Germany
Moschheim,Rhineland-Palatinate,Germany
Murlenbach,Rhineland-Palatinate,Germany
Neuhofen,Rhineland-Palatinate,Germany
Nievern,Rhineland-Palatinate,Germany
Norken,Rhineland-Palatinate,Germany
Oberlahr,Rhineland-Palatinate,Germany
Otterstadt,Rhineland-Palatinate,Germany
Rennerod,Rhineland-Palatinate,Germany
Rheinbreitbach,Rhineland-Palatinate,Germany
Rieschweiler-Muhlbach,Rhineland-Palatinate,Germany
Saarburg,Rhineland-Palatinate,Germany
Stahlhofen,Rhineland-Palatinate,Germany
Steinebach,Rhineland-Palatinate,Germany
Weinsheim,Rhineland-Palatinate,Germany
Winnweiler,Rhineland-Palatinate,Germany
Wissen,Rhineland-Palatinate,Germany
Beckingen,Saarland,Germany
Bexbach,Saarland,Germany
Blieskastel,Saarland,Germany
Dillingen,Saarland,Germany
Duppenweiler,Saarland,Germany
Eppelborn,Saarland,Germany
Friedrichsthal,Saarland,Germany
GroBrosseln,Saarland,Germany
Heusweiler,Saarland,Germany
Homburg,Saarland,Germany
Illingen,Saarland,Germany
Kirkel,Saarland,Germany
Kleinblittersdorf,Saarland,Germany
Lebach,Saarland,Germany
Losheim,Saarland,Germany
Mandelbachtal,Saarland,Germany
Marpingen,Saarland,Germany
Merchweiler,Saarland,Germany
Merzig,Saarland,Germany
Mettlach,Saarland,Germany
Nalbach,Saarland,Germany
Neunkirchen,Saarland,Germany
Nohfelden,Saarland,Germany
Nonnweiler,Saarland,Germany
Oberthal,Saarland,Germany
Ottweiler,Saarland,Germany
Puttlingen,Saarland,Germany
Quierschied,Saarland,Germany
Rehlingen-Siersburg,Saarland,Germany
Riegelsberg,Saarland,Germany
Saarbrucken,Saarland,Germany
Saarlouis,Saarland,Germany
Saarwellingen,Saarland,Germany
Sankt Ingbert,Saarland,Germany
Sankt Wendel,Saarland,Germany
Schiffweiler,Saarland,Germany
Schmelz,Saarland,Germany
Schwalbach,Saarland,Germany
Spiesen-Elversberg,Saarland,Germany
Sulzbach,Saarland,Germany
Tholey,Saarland,Germany
Uberherrn,Saarland,Germany
Volklingen,Saarland,Germany
Wadern,Saarland,Germany
Wadgassen,Saarland,Germany
Wallerfangen,Saarland,Germany
Weiskirchen,Saarland,Germany
Annaberg-Buchholz,Sachsen,Germany
Aue,Sachsen,Germany
Auerbach,Sachsen,Germany
Bautzen,Sachsen,Germany
Bischofswerda,Sachsen,Germany
Borna,Sachsen,Germany
Brand-Erbisdorf,Sachsen,Germany
Burgstadt,Sachsen,Germany
Chemnitz,Sachsen,Germany
Coswig,Sachsen,Germany
Crimmitschau,Sachsen,Germany
Delitzsch,Sachsen,Germany
Dobeln,Sachsen,Germany
Dresden,Sachsen,Germany
Ebersbach,Sachsen,Germany
Eilenburg,Sachsen,Germany
Falkenstein,Sachsen,Germany
Floha,Sachsen,Germany
Frankenberg,Sachsen,Germany
Freiberg,Sachsen,Germany
Freital,Sachsen,Germany
Friedewald,Sachsen,Germany
Glauchau,Sachsen,Germany
Gorlitz,Sachsen,Germany
Grimma,Sachsen,Germany
GroBenhain,Sachsen,Germany
Groditz,Sachsen,Germany
Hainichen,Sachsen,Germany
Heidenau,Sachsen,Germany
Hirschstein,Sachsen,Germany
Hohenstein-Ernstthal,Sachsen,Germany
Hoyerswerda,Sachsen,Germany
Kamenz,Sachsen,Germany
Klingenthal,Sachsen,Germany
Leipzig,Sachsen,Germany
Lichtenstein,Sachsen,Germany
Limbach-Oberfrohna,Sachsen,Germany
LoBnitz,Sachsen,Germany
Lobau,Sachsen,Germany
Lugau,Sachsen,Germany
Marienberg,Sachsen,Germany
Markkleeberg,Sachsen,Germany
Meerane,Sachsen,Germany
MeiBen,Sachsen,Germany
Mittweida,Sachsen,Germany
Muldenhammer,Sachsen,Germany
Neustadt,Sachsen,Germany
Niesky,Sachsen,Germany
Oelsnitz,Sachsen,Germany
Olbernhau,Sachsen,Germany
Olbersdorf,Sachsen,Germany
Oschatz,Sachsen,Germany
Pirna,Sachsen,Germany
Plauen,Sachsen,Germany
Radeberg,Sachsen,Germany
Radebeul,Sachsen,Germany
Reichenbach,Sachsen,Germany
Riesa,Sachsen,Germany
Rietschen,Sachsen,Germany
Schkeuditz,Sachsen,Germany
Schneeberg,Sachsen,Germany
Schwarzenberg,Sachsen,Germany
Sebnitz,Sachsen,Germany
Stollberg,Sachsen,Germany
Taubenheim,Sachsen,Germany
Taucha,Sachsen,Germany
Thalheim,Sachsen,Germany
Torgau,Sachsen,Germany
Waldheim,Sachsen,Germany
WeiBwasser,Sachsen,Germany
Werdau,Sachsen,Germany
Wilkau-HaBlau,Sachsen,Germany
Wurzen,Sachsen,Germany
Zittau,Sachsen,Germany
Zschopau,Sachsen,Germany
Zwickau,Sachsen,Germany
Zwonitz,Sachsen,Germany
Aken,Sachsen-Anhalt,Germany
Aschersleben,Sachsen-Anhalt,Germany
Bad Durrenberg,Sachsen-Anhalt,Germany
Bebitz,Sachsen-Anhalt,Germany
Bernburg,Sachsen-Anhalt,Germany
Bitterfeld,Sachsen-Anhalt,Germany
Blankenburg,Sachsen-Anhalt,Germany
Braunsbedra,Sachsen-Anhalt,Germany
Burg,Sachsen-Anhalt,Germany
Calbe,Sachsen-Anhalt,Germany
Coswig,Sachsen-Anhalt,Germany
Dessau,Sachsen-Anhalt,Germany
Eisleben,Sachsen-Anhalt,Germany
Gardelegen,Sachsen-Anhalt,Germany
Genthin,Sachsen-Anhalt,Germany
Gommern,Sachsen-Anhalt,Germany
Grafenhainichen,Sachsen-Anhalt,Germany
Halberstadt,Sachsen-Anhalt,Germany
Haldensleben,Sachsen-Anhalt,Germany
Halle,Sachsen-Anhalt,Germany
Hettstedt,Sachsen-Anhalt,Germany
Heyrothsberge,Sachsen-Anhalt,Germany
Hotensleben,Sachsen-Anhalt,Germany
Kothen,Sachsen-Anhalt,Germany
Leuna,Sachsen-Anhalt,Germany
Magdeburg,Sachsen-Anhalt,Germany
Merseburg,Sachsen-Anhalt,Germany
Naumburg,Sachsen-Anhalt,Germany
Oschersleben,Sachsen-Anhalt,Germany
Osterburg,Sachsen-Anhalt,Germany
Osterwieck,Sachsen-Anhalt,Germany
Quedlinburg,Sachsen-Anhalt,Germany
Querfurt,Sachsen-Anhalt,Germany
Raguhn,Sachsen-Anhalt,Germany
RoBlau,Sachsen-Anhalt,Germany
Salzwedel,Sachsen-Anhalt,Germany
Sangerhausen,Sachsen-Anhalt,Germany
Schonebeck,Sachsen-Anhalt,Germany
StaBfurt,Sachsen-Anhalt,Germany
Stendal,Sachsen-Anhalt,Germany
Tangermunde,Sachsen-Anhalt,Germany
Thale,Sachsen-Anhalt,Germany
WeiBenfels,Sachsen-Anhalt,Germany
Wittenberg,Sachsen-Anhalt,Germany
Wolfen,Sachsen-Anhalt,Germany
Wolmirstedt,Sachsen-Anhalt,Germany
Zeitz,Sachsen-Anhalt,Germany
Zerbst,Sachsen-Anhalt,Germany
Bad Lausick,Saxony,Germany
Bernsdorf,Saxony,Germany
Borde-Hakel,Saxony,Germany
Gelenau,Saxony,Germany
Groberkmannsdorf,Saxony,Germany
Hartha,Saxony,Germany
Kreischa,Saxony,Germany
Malschwitz,Saxony,Germany
Naunhof,Saxony,Germany
Pausa,Saxony,Germany
Seiffen,Saxony,Germany
Stutzengrun,Saxony,Germany
Ahrensbok,Schleswig-Holstein,Germany
Ahrensburg,Schleswig-Holstein,Germany
Altenholz,Schleswig-Holstein,Germany
Alveslohe,Schleswig-Holstein,Germany
Ammersbek,Schleswig-Holstein,Germany
Bad Bramstedt,Schleswig-Holstein,Germany
Bad Oldesloe,Schleswig-Holstein,Germany
Bad Schwartau,Schleswig-Holstein,Germany
Bad Segeberg,Schleswig-Holstein,Germany
Bargteheide,Schleswig-Holstein,Germany
Barmstedt,Schleswig-Holstein,Germany
Barsbuttel,Schleswig-Holstein,Germany
Bredstedt,Schleswig-Holstein,Germany
Brunsbuttel,Schleswig-Holstein,Germany
Budelsdorf,Schleswig-Holstein,Germany
Eckernforde,Schleswig-Holstein,Germany
Eddelak,Schleswig-Holstein,Germany
Elmshorn,Schleswig-Holstein,Germany
Eutin,Schleswig-Holstein,Germany
Flensburg,Schleswig-Holstein,Germany
Friedrichstadt,Schleswig-Holstein,Germany
Geesthacht,Schleswig-Holstein,Germany
Glinde,Schleswig-Holstein,Germany
Gluckstadt,Schleswig-Holstein,Germany
Grob Pampau,Schleswig-Holstein,Germany
Halstenbek,Schleswig-Holstein,Germany
Hamfelde,Schleswig-Holstein,Germany
Harrislee,Schleswig-Holstein,Germany
Hartenholm,Schleswig-Holstein,Germany
Heide,Schleswig-Holstein,Germany
Heiligenhafen,Schleswig-Holstein,Germany
Henstedt-Ulzburg,Schleswig-Holstein,Germany
Honenwestedt,Schleswig-Holstein,Germany
Husum,Schleswig-Holstein,Germany
Itzehoe,Schleswig-Holstein,Germany
Kaltenkirchen,Schleswig-Holstein,Germany
Kappeln,Schleswig-Holstein,Germany
Kiel,Schleswig-Holstein,Germany
Kronshagen,Schleswig-Holstein,Germany
Lauenburg,Schleswig-Holstein,Germany
Lensahn,Schleswig-Holstein,Germany
Lubeck,Schleswig-Holstein,Germany
Malente,Schleswig-Holstein,Germany
Mielkendorf,Schleswig-Holstein,Germany
Molfsee,Schleswig-Holstein,Germany
Molln,Schleswig-Holstein,Germany
Neuenbrook,Schleswig-Holstein,Germany
Neumunster,Schleswig-Holstein,Germany
Neustadt,Schleswig-Holstein,Germany
Norderstedt,Schleswig-Holstein,Germany
Oldenburg,Schleswig-Holstein,Germany
Oststeinbek,Schleswig-Holstein,Germany
Pinneberg,Schleswig-Holstein,Germany
Plon,Schleswig-Holstein,Germany
Preetz,Schleswig-Holstein,Germany
Quickborn,Schleswig-Holstein,Germany
Ratekau,Schleswig-Holstein,Germany
Ratzeburg,Schleswig-Holstein,Germany
Reinbek,Schleswig-Holstein,Germany
Reinfeld,Schleswig-Holstein,Germany
Rellingen,Schleswig-Holstein,Germany
Rendsburg,Schleswig-Holstein,Germany
Rethwisch,Schleswig-Holstein,Germany
Satrup,Schleswig-Holstein,Germany
Scharbeutz,Schleswig-Holstein,Germany
Schenefeld,Schleswig-Holstein,Germany
Schleswig,Schleswig-Holstein,Germany
Schmalfeld,Schleswig-Holstein,Germany
Schoenkirchen,Schleswig-Holstein,Germany
Schwarzenbek,Schleswig-Holstein,Germany
Seefeld,Schleswig-Holstein,Germany
Sievershutten,Schleswig-Holstein,Germany
Stockelsdorf,Schleswig-Holstein,Germany
Tangstedt,Schleswig-Holstein,Germany
Timmendorfer Strand,Schleswig-Holstein,Germany
Tornesch,Schleswig-Holstein,Germany
Travemunde,Schleswig-Holstein,Germany
Uetersen,Schleswig-Holstein,Germany
Wahlstedt,Schleswig-Holstein,Germany
Wedel,Schleswig-Holstein,Germany
Wentorf,Schleswig-Holstein,Germany
Westerland,Schleswig-Holstein,Germany
Westerronfeld,Schleswig-Holstein,Germany
Wohltorf,Schleswig-Holstein,Germany
Wotersen,Schleswig-Holstein,Germany
Altenburg,Thuringia,Germany
Apolda,Thuringia,Germany
Arnstadt,Thuringia,Germany
Bad Frankenhausen,Thuringia,Germany
Bad Langensalza,Thuringia,Germany
Bad Salzungen,Thuringia,Germany
Cursdorf,Thuringia,Germany
Dornburg,Thuringia,Germany
Eisenach,Thuringia,Germany
Eisenberg,Thuringia,Germany
Erfurt,Thuringia,Germany
Gera,Thuringia,Germany
Geschwenda,Thuringia,Germany
Gotha,Thuringia,Germany
Greiz,Thuringia,Germany
Heiligenstadt,Thuringia,Germany
Hermsdorf,Thuringia,Germany
Hildburghausen,Thuringia,Germany
Ilmenau,Thuringia,Germany
Immelborn,Thuringia,Germany
Jena,Thuringia,Germany
Leinefelde,Thuringia,Germany
Leutenberg,Thuringia,Germany
Meiningen,Thuringia,Germany
Meuselwitz,Thuringia,Germany
Muhlhausen,Thuringia,Germany
Neustadt,Thuringia,Germany
Nordhausen,Thuringia,Germany
PoBneck,Thuringia,Germany
Rosenthal,Thuringia,Germany
Rositz,Thuringia,Germany
Rudolstadt,Thuringia,Germany
Ruhla,Thuringia,Germany
Saalfeld,Thuringia,Germany
Schmalkalden,Thuringia,Germany
Schmolln,Thuringia,Germany
Sommerda,Thuringia,Germany
Sondershausen,Thuringia,Germany
Sonneberg,Thuringia,Germany
Suhl,Thuringia,Germany
Triptis,Thuringia,Germany
Uhlstadt,Thuringia,Germany
Waltershausen,Thuringia,Germany
Weida,Thuringia,Germany
Weimar,Thuringia,Germany
Wernigerode,Thuringia,Germany
Wormstedt,Thuringia,Germany
Zella-Mehlis,Thuringia,Germany
Zeulenroda,Thuringia,Germany
Webling,Webling,Germany
Neustadt,Weinstrabe,Germany
Schlobborn,schlobborn,Germany
Elassonos,Acharnes,Greece
Aiyion,Ahaia,Greece
Patra,Ahaia,Greece
Argos,Argolis,Greece
Navplion,Argolis,Greece
Tripoli,Arkadia,Greece
Arta,Arta,Greece
Acharnes,Attica,Greece
Agios Ioannis Rentis,Attica,Greece
Drapetsona,Attica,Greece
Koropi,Attica,Greece
Lavrion,Attica,Greece
Mandra,Attica,Greece
Spata,Attica,Greece
Aharna,Attiki,Greece
Aiyaleo,Attiki,Greece
Alimos,Attiki,Greece
Amarousion,Attiki,Greece
Ano Liosia,Attiki,Greece
Aryiroupoli,Attiki,Greece
Aspropirgos,Attiki,Greece
Athina,Attiki,Greece
Athinai,Attiki,Greece
Ayia Barbara,Attiki,Greece
Ayia Paraskevi,Attiki,Greece
Ayios Anaryiros,Attiki,Greece
Ayios Dimitrios,Attiki,Greece
Dafne,Attiki,Greece
Elevsis,Attiki,Greece
Ellenikon,Attiki,Greece
Galatsion,Attiki,Greece
Glifada,Attiki,Greece
Haidarion,Attiki,Greece
Halandrion,Attiki,Greece
Holargos,Attiki,Greece
Ilioupoli,Attiki,Greece
Iraklion,Attiki,Greece
Kaisariani,Attiki,Greece
Kallithea,Attiki,Greece
Kamateron,Attiki,Greece
Keratea,Attiki,Greece
Keratsinion,Attiki,Greece
Kifisia,Attiki,Greece
Koridallos,Attiki,Greece
Kropion,Attiki,Greece
Markopoulos Mesogaia,Attiki,Greece
Maroussi,Attiki,Greece
Megara,Attiki,Greece
Melission,Attiki,Greece
Metamorfosios,Attiki,Greece
Moshatos,Attiki,Greece
Nea Filedelfia,Attiki,Greece
Nea Ionia,Attiki,Greece
Nea Liosia,Attiki,Greece
Nea Smirni,Attiki,Greece
Nikaia,Attiki,Greece
Palaion Faliron,Attiki,Greece
Perama,Attiki,Greece
Peristerion,Attiki,Greece
Petroupoli,Attiki,Greece
Pevka,Attiki,Greece
Piraeus,Attiki,Greece
Salamis,Attiki,Greece
Tavros,Attiki,Greece
Viron,Attiki,Greece
Voula,Attiki,Greece
Vrilission,Attiki,Greece
Zografos,Attiki,Greece
Heraklion,Crete,Greece
Arhangelos,Dodekanisos,Greece
Ialysos,Dodekanisos,Greece
Kos,Dodekanisos,Greece
Rodos,Dodekanisos,Greece
Drama,Drama,Greece
Chalkis,Evia,Greece
Karpenisi,Evritania,Greece
Alexandroupoli,Evros,Greece
Orestias,Evros,Greece
Halkida,Evvoia,Greece
Florina,Florina,Greece
Amfissa,Fokis,Greece
Lamia,Fthiotis,Greece
Grevena,Grevena,Greece
Halandri,Halandri,Greece
Lakkoma,Halkidiki,Greece
N. Kallikrateia,Halkidiki,Greece
Poliyiros,Halkidiki,Greece
Hania,Hania,Greece
Crete,Heraklion,Greece
Hios,Hios,Greece
Pirgos,Ilia,Greece
Veroia,Imathia,Greece
Ioannina,Ioannina,Greece
Karditsa,Karditsa,Greece
Kastoria,Kastoria,Greece
Kavala,Kavala,Greece
Agioi Theodoroi,Kefallinia,Greece
Argostolion,Kefallinia,Greece
Kerkira,Kerkira,Greece
Ermoupoli,Kiklades,Greece
Fira,Kiklades,Greece
Mikonos,Kiklades,Greece
Kilkis,Kilkis,Greece
Korinthos,Korinthia,Greece
Kozani,Kozani,Greece
Ptolemais,Kozani,Greece
Sparti,Lakonia,Greece
Larisa,Larisa,Greece
Larissa,Larisa,Greece
Ayios Nikolaos,Lasithi,Greece
Ierapetra,Lasithi,Greece
Sitia,Lasithi,Greece
Mitilini,Lesvos,Greece
Levkas,Levkas,Greece
Volos,Magnisia,Greece
Kalamata,Messinia,Greece
Edessa,Pella,Greece
Yiannitsa,Pella,Greece
Katerini,Pieria,Greece
Acharne,Piraios,Greece
Pallini,Piraios,Greece
Preveza,Preveza,Greece
Rethimnon,Rethimni,Greece
Komotini,Rodopi,Greece
Samos,Samos,Greece
Serrai,Serrai,Greece
Igoumenitsa,Thesprotia,Greece
Ampelokipa,Thessaloniki,Greece
Kalamaria,Thessaloniki,Greece
Neapoli,Thessaloniki,Greece
Oristiada,Thessaloniki,Greece
Thessaloniki,Thessaloniki,Greece
Trikala,Trikala,Greece
Levadia,Voiotia,Greece
Thivai,Voiotia,Greece
Xanthi,Xanthi,Greece
Zakinthos,Zakinthos,Greece
Akaszto,Bacs-Kiskun,Hungary
Bacsalmas,Bacs-Kiskun,Hungary
Bacsbokod,Bacs-Kiskun,Hungary
Baja,Bacs-Kiskun,Hungary
Bugac,Bacs-Kiskun,Hungary
Davod,Bacs-Kiskun,Hungary
Dunapataj,Bacs-Kiskun,Hungary
Dunavecse,Bacs-Kiskun,Hungary
Fulopszallas,Bacs-Kiskun,Hungary
Hajos,Bacs-Kiskun,Hungary
Harta,Bacs-Kiskun,Hungary
Izsak,Bacs-Kiskun,Hungary
Jakabszallas,Bacs-Kiskun,Hungary
Janoshalma,Bacs-Kiskun,Hungary
Kalocsa,Bacs-Kiskun,Hungary
Kecel,Bacs-Kiskun,Hungary
Kecskemet,Bacs-Kiskun,Hungary
Kiskoros,Bacs-Kiskun,Hungary
Kiskunfelegyhaza,Bacs-Kiskun,Hungary
Kiskunhalas,Bacs-Kiskun,Hungary
Kiskunmajsa,Bacs-Kiskun,Hungary
Kunfeherto,Bacs-Kiskun,Hungary
Kunszentmiklos,Bacs-Kiskun,Hungary
Lajosmizse,Bacs-Kiskun,Hungary
Lakitelek,Bacs-Kiskun,Hungary
Madaras,Bacs-Kiskun,Hungary
Melykut,Bacs-Kiskun,Hungary
Nagybaracska,Bacs-Kiskun,Hungary
Orgovany,Bacs-Kiskun,Hungary
Palmonostora,Bacs-Kiskun,Hungary
Solt,Bacs-Kiskun,Hungary
Soltvadkert,Bacs-Kiskun,Hungary
Sukosd,Bacs-Kiskun,Hungary
Szabadszallas,Bacs-Kiskun,Hungary
Szalkszentmarton,Bacs-Kiskun,Hungary
Tass,Bacs-Kiskun,Hungary
Tiszakecske,Bacs-Kiskun,Hungary
Tompa,Bacs-Kiskun,Hungary
Beremend,Baranya,Hungary
Boly,Baranya,Hungary
Dunaszekcso,Baranya,Hungary
Harkany,Baranya,Hungary
Hosszuheteny,Baranya,Hungary
Komlo,Baranya,Hungary
Magocs,Baranya,Hungary
Mohacs,Baranya,Hungary
Pecs,Baranya,Hungary
Pecsvarad,Baranya,Hungary
Sasd,Baranya,Hungary
Sellye,Baranya,Hungary
Siklos,Baranya,Hungary
Szentlorinc,Baranya,Hungary
Szigetvar,Baranya,Hungary
Vajszlo,Baranya,Hungary
Villany,Baranya,Hungary
Battonya,Bekes,Hungary
Bekes,Bekes,Hungary
Bekescsaba,Bekes,Hungary
Bekessamson,Bekes,Hungary
Bekesszentandras,Bekes,Hungary
Csorvas,Bekes,Hungary
Devavanya,Bekes,Hungary
Doboz,Bekes,Hungary
Elek,Bekes,Hungary
Endrod,Bekes,Hungary
Fuzesgyarmat,Bekes,Hungary
Gyula,Bekes,Hungary
Ketegyhaza,Bekes,Hungary
Kondoros,Bekes,Hungary
Korosladany,Bekes,Hungary
Kunagota,Bekes,Hungary
Lokoshaza,Bekes,Hungary
Mezobereny,Bekes,Hungary
Mezohegyes,Bekes,Hungary
Mezokovacshaza,Bekes,Hungary
Nagyszenas,Bekes,Hungary
Oroshaza,Bekes,Hungary
Sarkad,Bekes,Hungary
Szabadkigyos,Bekes,Hungary
Szarvas,Bekes,Hungary
Szeghalom,Bekes,Hungary
Totkomlos,Bekes,Hungary
Veszto,Bekes,Hungary
Abaujszanto,Borsod-Abauj-Zemplen,Hungary
Arlo,Borsod-Abauj-Zemplen,Hungary
Bogacs,Borsod-Abauj-Zemplen,Hungary
Cigand,Borsod-Abauj-Zemplen,Hungary
Edeleny,Borsod-Abauj-Zemplen,Hungary
Emod,Borsod-Abauj-Zemplen,Hungary
Encs,Borsod-Abauj-Zemplen,Hungary
Gonc,Borsod-Abauj-Zemplen,Hungary
Karcsa,Borsod-Abauj-Zemplen,Hungary
Kazincbarcika,Borsod-Abauj-Zemplen,Hungary
Mad,Borsod-Abauj-Zemplen,Hungary
Megyaszo,Borsod-Abauj-Zemplen,Hungary
Mezokeresztes,Borsod-Abauj-Zemplen,Hungary
Mezokovesd,Borsod-Abauj-Zemplen,Hungary
Miskolc,Borsod-Abauj-Zemplen,Hungary
Monok,Borsod-Abauj-Zemplen,Hungary
Nyekladhaza,Borsod-Abauj-Zemplen,Hungary
Olaszliszka,Borsod-Abauj-Zemplen,Hungary
Onod,Borsod-Abauj-Zemplen,Hungary
Ozd,Borsod-Abauj-Zemplen,Hungary
Putnok,Borsod-Abauj-Zemplen,Hungary
Rudabanya,Borsod-Abauj-Zemplen,Hungary
Sajokaza,Borsod-Abauj-Zemplen,Hungary
Sajolad,Borsod-Abauj-Zemplen,Hungary
Sajoszentpeter,Borsod-Abauj-Zemplen,Hungary
Saly,Borsod-Abauj-Zemplen,Hungary
Sarospatak,Borsod-Abauj-Zemplen,Hungary
Satoraljaujhely,Borsod-Abauj-Zemplen,Hungary
Szendro,Borsod-Abauj-Zemplen,Hungary
Szentistvan,Borsod-Abauj-Zemplen,Hungary
Szerencs,Borsod-Abauj-Zemplen,Hungary
Szihalom,Borsod-Abauj-Zemplen,Hungary
Szikszo,Borsod-Abauj-Zemplen,Hungary
Taktaharkany,Borsod-Abauj-Zemplen,Hungary
Taktaszada,Borsod-Abauj-Zemplen,Hungary
Tallya,Borsod-Abauj-Zemplen,Hungary
Tarcal,Borsod-Abauj-Zemplen,Hungary
Tiszaluc,Borsod-Abauj-Zemplen,Hungary
Tiszaujvaros,Borsod-Abauj-Zemplen,Hungary
Tokaj,Borsod-Abauj-Zemplen,Hungary
Tolcsva,Borsod-Abauj-Zemplen,Hungary
Budapest,Budapest,Hungary
Csongrad,Csongrad,Hungary
Fabiansebestyen,Csongrad,Hungary
Foldeak,Csongrad,Hungary
Hodmezovasarhely,Csongrad,Hungary
Kiskundorozsma,Csongrad,Hungary
Kistelek,Csongrad,Hungary
Kiszombor,Csongrad,Hungary
Mako,Csongrad,Hungary
Mindszent,Csongrad,Hungary
Morahalom,Csongrad,Hungary
Pusztaszer,Csongrad,Hungary
Roszke,Csongrad,Hungary
Sandorfalva,Csongrad,Hungary
Szatymaz,Csongrad,Hungary
Szeged,Csongrad,Hungary
Szegvar,Csongrad,Hungary
Szekkutas,Csongrad,Hungary
Szentes,Csongrad,Hungary
Aba,Fejer,Hungary
Adony,Fejer,Hungary
Alap,Fejer,Hungary
Apostag,Fejer,Hungary
Bakonycsernye,Fejer,Hungary
Bicske,Fejer,Hungary
Bodajk,Fejer,Hungary
Cece,Fejer,Hungary
Csakvar,Fejer,Hungary
Deg,Fejer,Hungary
Dios,Fejer,Hungary
Dunaujvaros,Fejer,Hungary
Enying,Fejer,Hungary
Ercsi,Fejer,Hungary
Etyek,Fejer,Hungary
Fehervarcsurgo,Fejer,Hungary
Lovasbereny,Fejer,Hungary
Martonvasar,Fejer,Hungary
Mezofalva,Fejer,Hungary
Mezoszilas,Fejer,Hungary
Mor,Fejer,Hungary
Pazmand,Fejer,Hungary
Polgardi,Fejer,Hungary
Pusztavam,Fejer,Hungary
Rackeresztur,Fejer,Hungary
Sarbogard,Fejer,Hungary
Seregelyes,Fejer,Hungary
Soponya,Fejer,Hungary
Szabadbattyan,Fejer,Hungary
Szekesfehervar,Fejer,Hungary
Val,Fejer,Hungary
Asvanyraro,Gyor-Moson-Sopron,Hungary
Beled,Gyor-Moson-Sopron,Hungary
Bosarkany,Gyor-Moson-Sopron,Hungary
Csorna,Gyor-Moson-Sopron,Hungary
Fertod,Gyor-Moson-Sopron,Hungary
Fertorakos,Gyor-Moson-Sopron,Hungary
Fertoszentmiklos,Gyor-Moson-Sopron,Hungary
Gyor,Gyor-Moson-Sopron,Hungary
Gyorujbarat,Gyor-Moson-Sopron,Hungary
Hunyadi u.,Gyor-Moson-Sopron,Hungary
Kapuvar,Gyor-Moson-Sopron,Hungary
Lebeny,Gyor-Moson-Sopron,Hungary
Mihalyi,Gyor-Moson-Sopron,Hungary
Mosonmagyarovar,Gyor-Moson-Sopron,Hungary
Nyul,Gyor-Moson-Sopron,Hungary
Pannonhalma,Gyor-Moson-Sopron,Hungary
Rajka,Gyor-Moson-Sopron,Hungary
Sopron,Gyor-Moson-Sopron,Hungary
Szany,Gyor-Moson-Sopron,Hungary
Tet,Gyor-Moson-Sopron,Hungary
Balmazujvaros,Hajdu-Bihar,Hungary
Barand,Hajdu-Bihar,Hungary
Berettyoujfalu,Hajdu-Bihar,Hungary
Biharkeresztes,Hajdu-Bihar,Hungary
Biharnagybajom,Hajdu-Bihar,Hungary
Debrecen,Hajdu-Bihar,Hungary
Derecske,Hajdu-Bihar,Hungary
Egyek,Hajdu-Bihar,Hungary
Foldes,Hajdu-Bihar,Hungary
Hajduboszormeny,Hajdu-Bihar,Hungary
Hajdudorog,Hajdu-Bihar,Hungary
Hajduhadhaz,Hajdu-Bihar,Hungary
Hajdusamson,Hajdu-Bihar,Hungary
Hajduszoboszlo,Hajdu-Bihar,Hungary
Hajduszovat,Hajdu-Bihar,Hungary
Hortobagy,Hajdu-Bihar,Hungary
Hosszupalyi,Hajdu-Bihar,Hungary
Kaba,Hajdu-Bihar,Hungary
Komadi,Hajdu-Bihar,Hungary
Mikepercs,Hajdu-Bihar,Hungary
Monostorpalyi,Hajdu-Bihar,Hungary
Nadudvar,Hajdu-Bihar,Hungary
Nagyleta,Hajdu-Bihar,Hungary
Nyirabrany,Hajdu-Bihar,Hungary
Nyiracsad,Hajdu-Bihar,Hungary
Nyiradony,Hajdu-Bihar,Hungary
Polgar,Hajdu-Bihar,Hungary
Puspokladany,Hajdu-Bihar,Hungary
Sarretudvari,Hajdu-Bihar,Hungary
Tiszacsege,Hajdu-Bihar,Hungary
Ujfeherto,Hajdu-Bihar,Hungary
Vamospercs,Hajdu-Bihar,Hungary
Abasar,Heves,Hungary
Andornaktalya,Heves,Hungary
Belapatfalva,Heves,Hungary
Domoszlo,Heves,Hungary
Eger,Heves,Hungary
Erdotelek,Heves,Hungary
Felsotarkany,Heves,Hungary
Fuzesabony,Heves,Hungary
Gyongyos,Heves,Hungary
Gyongyospata,Heves,Hungary
Gyongyossolymos,Heves,Hungary
Gyongyostarjan,Heves,Hungary
Hatvan,Heves,Hungary
Heves,Heves,Hungary
Kal,Heves,Hungary
Lorinci,Heves,Hungary
Matraderecske,Heves,Hungary
Parad,Heves,Hungary
Petervasara,Heves,Hungary
Recsk,Heves,Hungary
Sirok,Heves,Hungary
Tarnalelesz,Heves,Hungary
Verpelet,Heves,Hungary
Abadszalok,Jasz-Nagykun-Szolnok,Hungary
Besenyszog,Jasz-Nagykun-Szolnok,Hungary
Cserkeszolo,Jasz-Nagykun-Szolnok,Hungary
Fegyvernek,Jasz-Nagykun-Szolnok,Hungary
Hegyeshalom,Jasz-Nagykun-Szolnok,Hungary
Jaszalsoszentgyorgy,Jasz-Nagykun-Szolnok,Hungary
Jaszapati,Jasz-Nagykun-Szolnok,Hungary
Jaszarokszallas,Jasz-Nagykun-Szolnok,Hungary
Jaszbereny,Jasz-Nagykun-Szolnok,Hungary
Jaszfenyzaru,Jasz-Nagykun-Szolnok,Hungary
Jaszjakohalma,Jasz-Nagykun-Szolnok,Hungary
Jaszkiser,Jasz-Nagykun-Szolnok,Hungary
Jaszladany,Jasz-Nagykun-Szolnok,Hungary
Jaszszentandras,Jasz-Nagykun-Szolnok,Hungary
Karcag,Jasz-Nagykun-Szolnok,Hungary
Kenderes,Jasz-Nagykun-Szolnok,Hungary
Kisujszallas,Jasz-Nagykun-Szolnok,Hungary
Kunhegyes,Jasz-Nagykun-Szolnok,Hungary
Kunmadaras,Jasz-Nagykun-Szolnok,Hungary
Kunszentmarton,Jasz-Nagykun-Szolnok,Hungary
Martfu,Jasz-Nagykun-Szolnok,Hungary
Mezotur,Jasz-Nagykun-Szolnok,Hungary
Ocsod,Jasz-Nagykun-Szolnok,Hungary
Szolnok,Jasz-Nagykun-Szolnok,Hungary
Tiszabura,Jasz-Nagykun-Szolnok,Hungary
Tiszafoldvar,Jasz-Nagykun-Szolnok,Hungary
Tiszafured,Jasz-Nagykun-Szolnok,Hungary
Tiszapuspoki,Jasz-Nagykun-Szolnok,Hungary
Tiszaroff,Jasz-Nagykun-Szolnok,Hungary
Tiszasuly,Jasz-Nagykun-Szolnok,Hungary
Torokszentmiklos,Jasz-Nagykun-Szolnok,Hungary
Toszeg,Jasz-Nagykun-Szolnok,Hungary
Turkeve,Jasz-Nagykun-Szolnok,Hungary
Ujszasz,Jasz-Nagykun-Szolnok,Hungary
Acs,Komarom-Esztergom,Hungary
Almasfuzito,Komarom-Esztergom,Hungary
Babolna,Komarom-Esztergom,Hungary
Bajna,Komarom-Esztergom,Hungary
Dorog,Komarom-Esztergom,Hungary
Esztergom,Komarom-Esztergom,Hungary
Kesztolc,Komarom-Esztergom,Hungary
Kisber,Komarom-Esztergom,Hungary
Komarom,Komarom-Esztergom,Hungary
Kornye,Komarom-Esztergom,Hungary
Labatlan,Komarom-Esztergom,Hungary
Mocsa,Komarom-Esztergom,Hungary
Nagyigmand,Komarom-Esztergom,Hungary
Nyergesujfalu,Komarom-Esztergom,Hungary
Oroszlany,Komarom-Esztergom,Hungary
Sarisap,Komarom-Esztergom,Hungary
Tardos,Komarom-Esztergom,Hungary
Tarjan,Komarom-Esztergom,Hungary
Tata,Komarom-Esztergom,Hungary
Tatabanya,Komarom-Esztergom,Hungary
Tokod,Komarom-Esztergom,Hungary
Vertesszolos,Komarom-Esztergom,Hungary
Balassagyarmat,Nograd,Hungary
Batonyterenye,Nograd,Hungary
Bercel,Nograd,Hungary
Bujak,Nograd,Hungary
Diosjeno,Nograd,Hungary
Karancskeszi,Nograd,Hungary
Matraverebely,Nograd,Hungary
Nagyoroszi,Nograd,Hungary
Paszto,Nograd,Hungary
Retsag,Nograd,Hungary
Romhany,Nograd,Hungary
Salgotarjan,Nograd,Hungary
Szecseny,Nograd,Hungary
Tar,Nograd,Hungary
Abony,Pest,Hungary
Albertirsa,Pest,Hungary
Aszod,Pest,Hungary
Biatorbagy,Pest,Hungary
Budakalasz,Pest,Hungary
Budakeszi,Pest,Hungary
Budaors,Pest,Hungary
Bugyi,Pest,Hungary
Cegled,Pest,Hungary
Csobanka,Pest,Hungary
Dabas,Pest,Hungary
Domsod,Pest,Hungary
Dunabogdany,Pest,Hungary
Dunaharaszti,Pest,Hungary
Dunakeszi,Pest,Hungary
Erd,Pest,Hungary
Forro,Pest,Hungary
Fot,Pest,Hungary
Galgaheviz,Pest,Hungary
God,Pest,Hungary
Godollo,Pest,Hungary
Gyomro,Pest,Hungary
Hevizgyork,Pest,Hungary
Isaszeg,Pest,Hungary
Jaszkarajeno,Pest,Hungary
Kiskunlachaza,Pest,Hungary
Kocser,Pest,Hungary
Koka,Pest,Hungary
Kosd,Pest,Hungary
Maglod,Pest,Hungary
Monor,Pest,Hungary
Nagykata,Pest,Hungary
Nagykoros,Pest,Hungary
Nagykovacsi,Pest,Hungary
Nagymaros,Pest,Hungary
Nagytarcsa,Pest,Hungary
Nyaregyhaza,Pest,Hungary
Ocsa,Pest,Hungary
Orbottyan,Pest,Hungary
Orkeny,Pest,Hungary
Paty,Pest,Hungary
Pecel,Pest,Hungary
Perbal,Pest,Hungary
Pilis,Pest,Hungary
Pilisborosjeno,Pest,Hungary
Piliscsaba,Pest,Hungary
Pilisszanto,Pest,Hungary
Pilisszentivan,Pest,Hungary
Pilisszentkereszt,Pest,Hungary
Pilisvorosvar,Pest,Hungary
Pomaz,Pest,Hungary
Racalmas,Pest,Hungary
Rackeve,Pest,Hungary
Solymar,Pest,Hungary
Soskut,Pest,Hungary
Szada,Pest,Hungary
Szazhalombatta,Pest,Hungary
Szentendre,Pest,Hungary
Szentmartonkata,Pest,Hungary
Szigetcsep,Pest,Hungary
Szigetszentmiklos,Pest,Hungary
Szigetujfalu,Pest,Hungary
Szob,Pest,Hungary
Tahitofalu,Pest,Hungary
Tapiobicske,Pest,Hungary
Tapioszecso,Pest,Hungary
Tapioszele,Pest,Hungary
Toalmas,Pest,Hungary
Torokbalint,Pest,Hungary
Tortel,Pest,Hungary
Tura,Pest,Hungary
Ullo,Pest,Hungary
Uri,Pest,Hungary
Urom,Pest,Hungary
Vac,Pest,Hungary
Vecses,Pest,Hungary
Veresegyhaz,Pest,Hungary
Verocemaros,Pest,Hungary
Visegrad,Pest,Hungary
Zsambek,Pest,Hungary
Zsambok,Pest,Hungary
Adand,Somogy,Hungary
Balatonfoldvar,Somogy,Hungary
Balatonoszod,Somogy,Hungary
Balatonszabadi,Somogy,Hungary
Balatonszarszo,Somogy,Hungary
Barcs,Somogy,Hungary
Berzence,Somogy,Hungary
Boglarlelle,Somogy,Hungary
Bohonye,Somogy,Hungary
Csurgo,Somogy,Hungary
Fonyod,Somogy,Hungary
Kaposvar,Somogy,Hungary
Karad,Somogy,Hungary
Kethely,Somogy,Hungary
Lengyeltoti,Somogy,Hungary
Marcali,Somogy,Hungary
Nagyatad,Somogy,Hungary
Nagybajom,Somogy,Hungary
Siofok,Somogy,Hungary
Somogyvar,Somogy,Hungary
Tab,Somogy,Hungary
Zamardi,Somogy,Hungary
Ajak,Szabolcs-Szatmar-Bereg,Hungary
Baktaloranthaza,Szabolcs-Szatmar-Bereg,Hungary
Balkany,Szabolcs-Szatmar-Bereg,Hungary
Buj,Szabolcs-Szatmar-Bereg,Hungary
Demecser,Szabolcs-Szatmar-Bereg,Hungary
Dombrad,Szabolcs-Szatmar-Bereg,Hungary
Fehergyarmat,Szabolcs-Szatmar-Bereg,Hungary
Ibrany,Szabolcs-Szatmar-Bereg,Hungary
Kemecse,Szabolcs-Szatmar-Bereg,Hungary
Kisvarda,Szabolcs-Szatmar-Bereg,Hungary
Kotaj,Szabolcs-Szatmar-Bereg,Hungary
Mandok,Szabolcs-Szatmar-Bereg,Hungary
Mariapocs,Szabolcs-Szatmar-Bereg,Hungary
Mateszalka,Szabolcs-Szatmar-Bereg,Hungary
Nagyecsed,Szabolcs-Szatmar-Bereg,Hungary
Nagyhalasz,Szabolcs-Szatmar-Bereg,Hungary
Nagykallo,Szabolcs-Szatmar-Bereg,Hungary
Nyirbator,Szabolcs-Szatmar-Bereg,Hungary
Nyirbeltek,Szabolcs-Szatmar-Bereg,Hungary
Nyiregyhaza,Szabolcs-Szatmar-Bereg,Hungary
Nyirmada,Szabolcs-Szatmar-Bereg,Hungary
Nyirpazony,Szabolcs-Szatmar-Bereg,Hungary
Nyirtelek,Szabolcs-Szatmar-Bereg,Hungary
Ofeherto,Szabolcs-Szatmar-Bereg,Hungary
Rakamaz,Szabolcs-Szatmar-Bereg,Hungary
Tarpa,Szabolcs-Szatmar-Bereg,Hungary
Tiszabercel,Szabolcs-Szatmar-Bereg,Hungary
Tiszalok,Szabolcs-Szatmar-Bereg,Hungary
Tiszavasvari,Szabolcs-Szatmar-Bereg,Hungary
Tuzser,Szabolcs-Szatmar-Bereg,Hungary
Vaja,Szabolcs-Szatmar-Bereg,Hungary
Vasarosnameny,Szabolcs-Szatmar-Bereg,Hungary
Zahony,Szabolcs-Szatmar-Bereg,Hungary
Bataszek,Tolna,Hungary
Bonyhad,Tolna,Hungary
Decs,Tolna,Hungary
Dombovar,Tolna,Hungary
Dunafoldvar,Tolna,Hungary
Fadd,Tolna,Hungary
Gyonk,Tolna,Hungary
Hogyesz,Tolna,Hungary
Iregszemcse,Tolna,Hungary
Madocsa,Tolna,Hungary
Nagymagocs,Tolna,Hungary
Nagymanyok,Tolna,Hungary
Ozora,Tolna,Hungary
Paks,Tolna,Hungary
Pincehely,Tolna,Hungary
Simontornya,Tolna,Hungary
Szekszard,Tolna,Hungary
Szentgal,Tolna,Hungary
Tamasi,Tolna,Hungary
Tengelic,Tolna,Hungary
Tolna,Tolna,Hungary
Zomba,Tolna,Hungary
Buk,Vas,Hungary
Celldomolk,Vas,Hungary
Csepreg,Vas,Hungary
Gencsapati,Vas,Hungary
Jak,Vas,Hungary
Janoshaza,Vas,Hungary
Kormend,Vas,Hungary
Koszeg,Vas,Hungary
Sarvar,Vas,Hungary
Szentgotthard,Vas,Hungary
Szombathely,Vas,Hungary
Vasvar,Vas,Hungary
Vep,Vas,Hungary
Ajka,Veszprem,Hungary
Badacsonytomaj,Veszprem,Hungary
Balatonalmadi,Veszprem,Hungary
Balatonfured,Veszprem,Hungary
Balatonfuzfo,Veszprem,Hungary
Balatonkenese,Veszprem,Hungary
Band,Veszprem,Hungary
Berhida,Veszprem,Hungary
Csabrendek,Veszprem,Hungary
Devecser,Veszprem,Hungary
Herend,Veszprem,Hungary
Papa,Veszprem,Hungary
Sumeg,Veszprem,Hungary
Tapolca,Veszprem,Hungary
Urkut,Veszprem,Hungary
Varpalota,Veszprem,Hungary
Veszprem,Veszprem,Hungary
Zirc,Veszprem,Hungary
Becsehely,Zala,Hungary
Heviz,Zala,Hungary
Keszthely,Zala,Hungary
Lenti,Zala,Hungary
Letenye,Zala,Hungary
Nagykanizsa,Zala,Hungary
Sarmellek,Zala,Hungary
Turje,Zala,Hungary
Zalaegerszeg,Zala,Hungary
Zalakomar,Zala,Hungary
Zalalovo,Zala,Hungary
Zalaszentgrot,Zala,Hungary
Bakkafjor ur,Austurland,Iceland
Borgarfjor ur,Austurland,Iceland
Brei dalsvik,Austurland,Iceland
Djupivogur,Austurland,Iceland
Egilssta ir,Austurland,Iceland
Eskifjor ur,Austurland,Iceland
Faskru sfjor ur,Austurland,Iceland
Fellabar,Austurland,Iceland
Hallormssta ur,Austurland,Iceland
Hofn,Austurland,Iceland
Nesjakauptun,Austurland,Iceland
Neskaupsta ur,Austurland,Iceland
Rey arfjor ur,Austurland,Iceland
Sey isfjor ur,Austurland,Iceland
Sto varfjor ur,Austurland,Iceland
Vopnafjor ur,Austurland,Iceland
Akranes,Vesturland,Iceland
Borgarnes,Vesturland,Iceland
Bu ardalur,Vesturland,Iceland
Grundarfjor ur,Vesturland,Iceland
Hellissandur,Vesturland,Iceland
Hvanneyri,Vesturland,Iceland
Olafsvik,Vesturland,Iceland
Rif,Vesturland,Iceland
Stykkisholmur,Vesturland,Iceland
Meta,Abruzzi,Italy
Miano,Abruzzi,Italy
Alba Adriatica,Abruzzo,Italy
Atessa,Abruzzo,Italy
Atri,Abruzzo,Italy
Avezzano,Abruzzo,Italy
Celano,Abruzzo,Italy
Cepagatti,Abruzzo,Italy
Chieti,Abruzzo,Italy
Citta SantAngelo,Abruzzo,Italy
Francavilla al Mare,Abruzzo,Italy
Giulianova,Abruzzo,Italy
Guardiagrele,Abruzzo,Italy
LAquila,Abruzzo,Italy
Lanciano,Abruzzo,Italy
Martinsicuro,Abruzzo,Italy
Montesilvano,Abruzzo,Italy
Montorio al Vomano,Abruzzo,Italy
Mosciano SantAngelo,Abruzzo,Italy
Ortona,Abruzzo,Italy
Penne,Abruzzo,Italy
Pescara,Abruzzo,Italy
Pineto,Abruzzo,Italy
Roseto degli Abruzzi,Abruzzo,Italy
San Giovanni Teatino,Abruzzo,Italy
San Salvo,Abruzzo,Italy
SantEgidio alla Vibrata,Abruzzo,Italy
Silvi,Abruzzo,Italy
Spoltore,Abruzzo,Italy
Sulmona,Abruzzo,Italy
Teramo,Abruzzo,Italy
Vasto,Abruzzo,Italy
Agrigento,Agrigento,Italy
Alessandria della Rocca,Agrigento,Italy
Aragona,Agrigento,Italy
Bivona,Agrigento,Italy
Burgio,Agrigento,Italy
Calamonaci,Agrigento,Italy
Caltabellotta,Agrigento,Italy
Camastra,Agrigento,Italy
Cammarata,Agrigento,Italy
Campobello di Licata,Agrigento,Italy
CanicattÃƒÆ’Ã‚Â¬,Agrigento,Italy
Casteltermini,Agrigento,Italy
Castrofilippo,Agrigento,Italy
Cattolica Eraclea,Agrigento,Italy
Cianciana,Agrigento,Italy
Comitini,Agrigento,Italy
Favara,Agrigento,Italy
Grotte,Agrigento,Italy
Joppolo Giancaxio,Agrigento,Italy
Lampedusa e Linosa,Agrigento,Italy
Licata,Agrigento,Italy
Lucca Sicula,Agrigento,Italy
Menfi,Agrigento,Italy
Montallegro,Agrigento,Italy
Montevago,Agrigento,Italy
Naro,Agrigento,Italy
Palma di Montechiaro,Agrigento,Italy
Porto Empedocle,Agrigento,Italy
Racalmuto,Agrigento,Italy
Raffadali,Agrigento,Italy
Ravanusa,Agrigento,Italy
Realmonte,Agrigento,Italy
Ribera,Agrigento,Italy
Sambuca di Sicilia,Agrigento,Italy
San Biagio Platani,Agrigento,Italy
San Giovanni Gemini,Agrigento,Italy
Sant Angelo Muxaro,Agrigento,Italy
Santa Elisabetta,Agrigento,Italy
Santa Margherita di Belice,Agrigento,Italy
Santo Stefano Quisquina,Agrigento,Italy
Sciacca,Agrigento,Italy
Siculiana,Agrigento,Italy
Villafranca Sicula,Agrigento,Italy
Castellazzo Bormida,Alessandria,Italy
Gavi,Alessandria,Italy
Villanova Monferrato,Alessandria,Italy
Camerano,Ancona,Italy
Castelplanio,Ancona,Italy
Capolona,Arezzo,Italy
Montevarchi,Arezzo,Italy
Subbiano,Arezzo,Italy
Buttigliera dAsti,Asti,Italy
Flumeri,Avellino,Italy
Nusco,Avellino,Italy
Prata di Principato Ultra,Avellino,Italy
Villanova del Battista,Avellino,Italy
Avigliano,Basilicata,Italy
Bernalda,Basilicata,Italy
Ferrandina,Basilicata,Italy
Lauria,Basilicata,Italy
Lavello,Basilicata,Italy
Matera,Basilicata,Italy
Melfi,Basilicata,Italy
Montescaglioso,Basilicata,Italy
Pisticci,Basilicata,Italy
Policoro,Basilicata,Italy
Potenza,Basilicata,Italy
Rionero in Vulture,Basilicata,Italy
Venosa,Basilicata,Italy
Belluno,Belluno,Italy
Dalpago,Belluno,Italy
Longarone,Belluno,Italy
Pedavena,Belluno,Italy
San Bartolomeo,Benevento,Italy
Bagnatica,Bergamo,Italy
Bergamo,Bergamo,Italy
Bolgare,Bergamo,Italy
Bottanuco,Bergamo,Italy
Brignano Gera dAdda,Bergamo,Italy
Calcio,Bergamo,Italy
Caravaggio,Bergamo,Italy
Chiuduno,Bergamo,Italy
Ciserano,Bergamo,Italy
Comun Nuovo,Bergamo,Italy
Costa di Mezzate,Bergamo,Italy
Gandino,Bergamo,Italy
Grassobbio,Bergamo,Italy
Grumello Del Monte,Bergamo,Italy
Grumello del Monte,Bergamo,Italy
Lallio,Bergamo,Italy
Levate,Bergamo,Italy
Lurano,Bergamo,Italy
Mapello,Bergamo,Italy
Pagazzano,Bergamo,Italy
Ponteranica,Bergamo,Italy
Pontida,Bergamo,Italy
Sant Omobono Imagna,Bergamo,Italy
Torre Pallavicina,Bergamo,Italy
Trescore Balneario,Bergamo,Italy
Verdellino,Bergamo,Italy
Zingonia,Bergamo,Italy
Camburzano,Biella,Italy
Crevacuore,Biella,Italy
Gaglianico,Biella,Italy
Sandigliano,Biella,Italy
Vigliano Biellese,Biella,Italy
Anzola dellEmilia,Bologna,Italy
Bologna,Bologna,Italy
Borgo Tossignano,Bologna,Italy
Casalfiumanese,Bologna,Italy
Castiglione Dei Pepoli,Bologna,Italy
Funo,Bologna,Italy
Loiano,Bologna,Italy
Monterenzio,Bologna,Italy
Osteria Grande,Bologna,Italy
Frangarto,Bolzano,Italy
Agnosine,Brescia,Italy
Brescia,Brescia,Italy
Capriano del Colle,Brescia,Italy
Capriolo,Brescia,Italy
Castegnato,Brescia,Italy
Castelcovati,Brescia,Italy
Cellatica,Brescia,Italy
Coccaglio,Brescia,Italy
Comezzano-Cizzago,Brescia,Italy
Erbusco,Brescia,Italy
Flero,Brescia,Italy
Lavenone,Brescia,Italy
Longhena,Brescia,Italy
Maclodio,Brescia,Italy
Muscoline,Brescia,Italy
Padenghe sul Garda,Brescia,Italy
Paderno Franciacorta,Brescia,Italy
Paratico,Brescia,Italy
Passirano,Brescia,Italy
Polaveno,Brescia,Italy
Poncarale,Brescia,Italy
Prevalle,Brescia,Italy
Provaglio dIseo,Brescia,Italy
Roncadelle,Brescia,Italy
Verolavecchia,Brescia,Italy
Visano,Brescia,Italy
San Donaci,Brindisi,Italy
Acri,Calabria,Italy
Amantea,Calabria,Italy
Bagnara Calabra,Calabria,Italy
Belvedere Marittimo,Calabria,Italy
Bisignano,Calabria,Italy
Bovalino,Calabria,Italy
Cariati,Calabria,Italy
Cassano allo Ionio,Calabria,Italy
Castrolibero,Calabria,Italy
Castrovillari,Calabria,Italy
Catanzaro,Calabria,Italy
Cetraro,Calabria,Italy
Ciro Marina,Calabria,Italy
Cittanova,Calabria,Italy
Corigliano Calabro,Calabria,Italy
Cosenza,Calabria,Italy
Crosia,Calabria,Italy
Crotone,Calabria,Italy
Cutro,Calabria,Italy
Fuscaldo,Calabria,Italy
Gioia Tauro,Calabria,Italy
Isola di Capo Rizzuto,Calabria,Italy
Lamezia Terme,Calabria,Italy
Locri,Calabria,Italy
Luzzi,Calabria,Italy
Melito di Porto Salvo,Calabria,Italy
Mendicino,Calabria,Italy
Montalto Uffugo,Calabria,Italy
Palmi,Calabria,Italy
Paola,Calabria,Italy
Petilia Policastro,Calabria,Italy
Pizzo,Calabria,Italy
Polistena,Calabria,Italy
Reggio di Calabria,Calabria,Italy
Rende,Calabria,Italy
Rosarno,Calabria,Italy
Rossano,Calabria,Italy
San Giovanni in Fiore,Calabria,Italy
Scalea,Calabria,Italy
Sellia Marina,Calabria,Italy
Siderno,Calabria,Italy
Soverato,Calabria,Italy
Taurianova,Calabria,Italy
Trebisacce,Calabria,Italy
Vibo Valentia,Calabria,Italy
Villa San Giovanni,Calabria,Italy
Acerra,Campania,Italy
Afragola,Campania,Italy
Agropoli,Campania,Italy
Angri,Campania,Italy
Ariano Irpino,Campania,Italy
Arzano,Campania,Italy
Atripalda,Campania,Italy
Avellino,Campania,Italy
Aversa,Campania,Italy
Bacoli,Campania,Italy
Barano dIschia,Campania,Italy
Baronissi,Campania,Italy
Battipaglia,Campania,Italy
Bellizzi,Campania,Italy
Benevento,Campania,Italy
Boscoreale,Campania,Italy
Boscotrecase,Campania,Italy
Brusciano,Campania,Italy
Caivano,Campania,Italy
Calvizzano,Campania,Italy
Campagna,Campania,Italy
Capaccio,Campania,Italy
Capua,Campania,Italy
Cardito,Campania,Italy
Carinola,Campania,Italy
Casagiove,Campania,Italy
Casal di Principe,Campania,Italy
Casalnuovo di Napoli,Campania,Italy
Casaluce,Campania,Italy
Casandrino,Campania,Italy
Casavatore,Campania,Italy
Caserta,Campania,Italy
Casoria,Campania,Italy
Castel San Giorgio,Campania,Italy
Castel Volturno,Campania,Italy
Castellammare di Stabia,Campania,Italy
Cava de Tirreni,Campania,Italy
Cercola,Campania,Italy
Cervinara,Campania,Italy
Cicciano,Campania,Italy
Crispano,Campania,Italy
Eboli,Campania,Italy
Ercolano,Campania,Italy
Fisciano,Campania,Italy
Forio,Campania,Italy
Frattamaggiore,Campania,Italy
Frattaminore,Campania,Italy
Frignano,Campania,Italy
Giffoni Valle Piana,Campania,Italy
Giugliano in Campania,Campania,Italy
Gragnano,Campania,Italy
Gricignano di Aversa,Campania,Italy
Grottaminarda,Campania,Italy
Grumo Nevano,Campania,Italy
Ischia,Campania,Italy
Lusciano,Campania,Italy
Macerata Campania,Campania,Italy
Maddaloni,Campania,Italy
Marano di Napoli,Campania,Italy
Marcianise,Campania,Italy
Marigliano,Campania,Italy
Massa Lubrense,Campania,Italy
Melito di Napoli,Campania,Italy
Mercato San Severino,Campania,Italy
Mercogliano,Campania,Italy
Meta,Campania,Italy
Mirabella Eclano,Campania,Italy
Mondragone,Campania,Italy
Monte di Procida,Campania,Italy
Montecorvino Rovella,Campania,Italy
Monteforte Irpino,Campania,Italy
Montesarchio,Campania,Italy
Montoro Inferiore,Campania,Italy
Mugnano di Napoli,Campania,Italy
Naples,Campania,Italy
Napoli,Campania,Italy
Nocera Inferiore,Campania,Italy
Nocera Superiore,Campania,Italy
Nola,Campania,Italy
Orta di Atella,Campania,Italy
Ottaviano,Campania,Italy
Pagani,Campania,Italy
Palma Campania,Campania,Italy
Parete,Campania,Italy
Pellezzano,Campania,Italy
Piano di Sorrento,Campania,Italy
Piedimonte Matese,Campania,Italy
Poggiomarino,Campania,Italy
Pollena Trocchia,Campania,Italy
Pomigliano dArco,Campania,Italy
Pompei,Campania,Italy
Pontecagnano,Campania,Italy
Portici,Campania,Italy
Positano,Campania,Italy
Pozzuoli,Campania,Italy
Procida,Campania,Italy
Qualiano,Campania,Italy
Quarto,Campania,Italy
Roccapiemonte,Campania,Italy
Sala Consilina,Campania,Italy
Salerno,Campania,Italy
San Cipriano dAversa,Campania,Italy
San Felice a Cancello,Campania,Italy
San Gennaro Vesuviano,Campania,Italy
San Giorgio a Cremano,Campania,Italy
San Giorgio del Sannio,Campania,Italy
San Giuseppe Vesuviano,Campania,Italy
San Marcellino,Campania,Italy
San Marzano sul Sarno,Campania,Italy
San Nicola,Campania,Italy
San Prisco,Campania,Italy
San Sebastiano al Vesuvio,Campania,Italy
San Valentino Torio,Campania,Italy
Sant Antimo,Campania,Italy
SantAgata de Goti,Campania,Italy
SantAgnello,Campania,Italy
SantAnastasia,Campania,Italy
SantAntonio Abate,Campania,Italy
SantArpino,Campania,Italy
SantEgidio del Monte Albino,Campania,Italy
Santa Maria Capua Vetere,Campania,Italy
Santa Maria a Vico,Campania,Italy
Santa Maria la Carita,Campania,Italy
Sarno,Campania,Italy
Saviano,Campania,Italy
Scafati,Campania,Italy
Sessa Aurunca,Campania,Italy
Siano,Campania,Italy
Solofra,Campania,Italy
Somma Vesuviana,Campania,Italy
Sorrento,Campania,Italy
Teano,Campania,Italy
Teggiano,Campania,Italy
Terzigno,Campania,Italy
Teverola,Campania,Italy
Torre Annunziata,Campania,Italy
Torre del Greco,Campania,Italy
Trecase,Campania,Italy
Trentola-Ducenta,Campania,Italy
Vallo della Lucania,Campania,Italy
Vico Equense,Campania,Italy
Vietri sul Mare,Campania,Italy
Villa Literno,Campania,Italy
Villaricca,Campania,Italy
Volla,Campania,Italy
Cartoceto,Cartoceto,Italy
Carinaro,Caserta,Italy
San Marco Evangelista,Caserta,Italy
Fiandaca Di Acireale,Catania,Italy
San Cono,Catania,Italy
Altino,Chieti,Italy
Archi,Chieti,Italy
Ari,Chieti,Italy
Arielli,Chieti,Italy
Atessa,Chieti,Italy
Bomba,Chieti,Italy
Borrello,Chieti,Italy
Bucchianico,Chieti,Italy
Canosa Sannita,Chieti,Italy
Carpineto Sinello,Chieti,Italy
Carunchio,Chieti,Italy
Casacanditella,Chieti,Italy
Casalanguida,Chieti,Italy
Casalbordino,Chieti,Italy
Casalincontrada,Chieti,Italy
Casoli,Chieti,Italy
Castel Frentano,Chieti,Italy
Castelguidone,Chieti,Italy
Castiglione Messer Marino,Chieti,Italy
Celenza sul Trigno,Chieti,Italy
Chieti,Chieti,Italy
Civitaluparella,Chieti,Italy
Civitella Messer Raimondo,Chieti,Italy
Colledimacine,Chieti,Italy
Colledimezzo,Chieti,Italy
Crecchio,Chieti,Italy
Cupello,Chieti,Italy
Dogliola,Chieti,Italy
Fallo,Chieti,Italy
Fara Filiorum Petri,Chieti,Italy
Fara San Martino,Chieti,Italy
Filetto,Chieti,Italy
Fossacesia,Chieti,Italy
Fraine,Chieti,Italy
Francavilla al Mare,Chieti,Italy
Fresagrandinaria,Chieti,Italy
Frisa,Chieti,Italy
Furci,Chieti,Italy
Gamberale,Chieti,Italy
Gessopalena,Chieti,Italy
Gissi,Chieti,Italy
Giuliano Teatino,Chieti,Italy
Guardiagrele,Chieti,Italy
Guilmi,Chieti,Italy
Lama dei Peligni,Chieti,Italy
Lanciano,Chieti,Italy
Lentella,Chieti,Italy
Lettopalena,Chieti,Italy
Liscia,Chieti,Italy
Miglianico,Chieti,Italy
Montazzoli,Chieti,Italy
Montebello sul Sangro,Chieti,Italy
Montelapiano,Chieti,Italy
Montenerodomo,Chieti,Italy
Monteodorisio,Chieti,Italy
Mozzagrogna,Chieti,Italy
Orsogna,Chieti,Italy
Ortona,Chieti,Italy
Paglieta,Chieti,Italy
Palena,Chieti,Italy
Palmoli,Chieti,Italy
Palombaro,Chieti,Italy
Pennadomo,Chieti,Italy
Pennapiedimonte,Chieti,Italy
Perano,Chieti,Italy
Pietraferrazzana,Chieti,Italy
Pizzoferrato,Chieti,Italy
Poggiofiorito,Chieti,Italy
Pollutri,Chieti,Italy
Pretoro,Chieti,Italy
Quadri,Chieti,Italy
Rapino,Chieti,Italy
Ripa Teatina,Chieti,Italy
Rocca San Giovanni,Chieti,Italy
Roccamontepiano,Chieti,Italy
Roccascalegna,Chieti,Italy
Roccaspinalveti,Chieti,Italy
Roio del Sangro,Chieti,Italy
Rosello,Chieti,Italy
San Buono,Chieti,Italy
San Giovanni Lipioni,Chieti,Italy
San Giovanni Teatino,Chieti,Italy
San Martino sulla Marrucina,Chieti,Italy
San Salvo,Chieti,Italy
San Vito Chietino,Chieti,Italy
Sant Eusanio del Sangro,Chieti,Italy
Santa Maria Imbaro,Chieti,Italy
Scerni,Chieti,Italy
Schiavi di Abruzzo,Chieti,Italy
Taranta Peligna,Chieti,Italy
Tollo,Chieti,Italy
Torino di Sangro,Chieti,Italy
Tornareccio,Chieti,Italy
Torrebruna,Chieti,Italy
Torrevecchia Teatina,Chieti,Italy
Torricella Peligna,Chieti,Italy
Treglio,Chieti,Italy
Tufillo,Chieti,Italy
Vacri,Chieti,Italy
Vasto,Chieti,Italy
Villa Santa Maria,Chieti,Italy
Villalfonsina,Chieti,Italy
Villamagna,Chieti,Italy
Albavilla,Como,Italy
Cadorago,Como,Italy
Carimate,Como,Italy
Castelmarte,Como,Italy
Cavaria,Como,Italy
Cernobbio,Como,Italy
Comocrea,Como,Italy
Dongo,Como,Italy
Gironico,Como,Italy
Grandate,Como,Italy
Lurago dErba,Como,Italy
Mozzate,Como,Italy
Novedrate,Como,Italy
Orsenigo,Como,Italy
Turate,Como,Italy
Uggiate,Como,Italy
Corso del Tirreno,Cosenza,Italy
Mangone,Cosenza,Italy
Casalbuttano,Cremona,Italy
Casalmaggiore,Cremona,Italy
Castelverde,Cremona,Italy
Madignano,Cremona,Italy
Pieve San Giacomo,Cremona,Italy
Bandito,Cuneo,Italy
Bra,Cuneo,Italy
Casalgrasso,Cuneo,Italy
Cossano Belbo,Cuneo,Italy
Magliano Alpi,Cuneo,Italy
Mondovi,Cuneo,Italy
Roddi,Cuneo,Italy
Santa Vittoria dAlba,Cuneo,Italy
Verduno,Cuneo,Italy
Alfonsine,Emilia-Romagna,Italy
Argelato,Emilia-Romagna,Italy
Argenta,Emilia-Romagna,Italy
Bagnacavallo,Emilia-Romagna,Italy
Bagnolo in Piano,Emilia-Romagna,Italy
Bellaria-Igea Marina,Emilia-Romagna,Italy
Bertinoro,Emilia-Romagna,Italy
Bologna,Emilia-Romagna,Italy
Bondeno,Emilia-Romagna,Italy
Budrio,Emilia-Romagna,Italy
Calderara di Reno,Emilia-Romagna,Italy
Carpi,Emilia-Romagna,Italy
Casalecchio di Reno,Emilia-Romagna,Italy
Casalgrande,Emilia-Romagna,Italy
Castel Bolognese,Emilia-Romagna,Italy
Castel Maggiore,Emilia-Romagna,Italy
Castel San Giovanni,Emilia-Romagna,Italy
Castel San Pietro Terme,Emilia-Romagna,Italy
Castelfranco Emilia,Emilia-Romagna,Italy
Castellarano,Emilia-Romagna,Italy
Castelnovo ne Monti,Emilia-Romagna,Italy
Castelnuovo Rangone,Emilia-Romagna,Italy
Castelvetro di Modena,Emilia-Romagna,Italy
Castenaso,Emilia-Romagna,Italy
Cattolica,Emilia-Romagna,Italy
Cavriago,Emilia-Romagna,Italy
Cento,Emilia-Romagna,Italy
Cervia,Emilia-Romagna,Italy
Cesena,Emilia-Romagna,Italy
Cesenatico,Emilia-Romagna,Italy
Codigoro,Emilia-Romagna,Italy
Collecchio,Emilia-Romagna,Italy
Comacchio,Emilia-Romagna,Italy
Concordia sulla Secchia,Emilia-Romagna,Italy
Conselice,Emilia-Romagna,Italy
Copparo,Emilia-Romagna,Italy
Coriano,Emilia-Romagna,Italy
Correggio,Emilia-Romagna,Italy
Crespellano,Emilia-Romagna,Italy
Crevalcore,Emilia-Romagna,Italy
Faenza,Emilia-Romagna,Italy
Ferrara,Emilia-Romagna,Italy
Fidenza,Emilia-Romagna,Italy
Finale Emilia,Emilia-Romagna,Italy
Fiorano Modenese,Emilia-Romagna,Italy
Fiorenzuola dArda,Emilia-Romagna,Italy
Forli,Emilia-Romagna,Italy
Forlimpopoli,Emilia-Romagna,Italy
Formigine,Emilia-Romagna,Italy
Gambettola,Emilia-Romagna,Italy
Granarolo dellEmilia,Emilia-Romagna,Italy
Guastalla,Emilia-Romagna,Italy
Imola,Emilia-Romagna,Italy
Langhirano,Emilia-Romagna,Italy
Lugo,Emilia-Romagna,Italy
Luzzara,Emilia-Romagna,Italy
Maranello,Emilia-Romagna,Italy
Massa Lombarda,Emilia-Romagna,Italy
Medesano,Emilia-Romagna,Italy
Medicina,Emilia-Romagna,Italy
Meldola,Emilia-Romagna,Italy
Mirandola,Emilia-Romagna,Italy
Misano Adriatico,Emilia-Romagna,Italy
Modena,Emilia-Romagna,Italy
Molinella,Emilia-Romagna,Italy
Monte San Pietro,Emilia-Romagna,Italy
Montecchio Emilia,Emilia-Romagna,Italy
Montechiarugolo,Emilia-Romagna,Italy
Noceto,Emilia-Romagna,Italy
Nonantola,Emilia-Romagna,Italy
Novellara,Emilia-Romagna,Italy
Novi di Modena,Emilia-Romagna,Italy
Ozzano dellEmilia,Emilia-Romagna,Italy
Parma,Emilia-Romagna,Italy
Pavullo nel Frignano,Emilia-Romagna,Italy
Piacenza,Emilia-Romagna,Italy
Pianoro,Emilia-Romagna,Italy
Ponticino,Emilia-Romagna,Italy
Portomaggiore,Emilia-Romagna,Italy
Quattro Castella,Emilia-Romagna,Italy
Ravenna,Emilia-Romagna,Italy
Reggio nellEmilia,Emilia-Romagna,Italy
Reggiolo,Emilia-Romagna,Italy
Riccione,Emilia-Romagna,Italy
Rimini,Emilia-Romagna,Italy
Rottofreno,Emilia-Romagna,Italy
Rubiera,Emilia-Romagna,Italy
Russi,Emilia-Romagna,Italy
Salsomaggiore Terme,Emilia-Romagna,Italy
San Felice sul Panaro,Emilia-Romagna,Italy
San Giovanni in Persiceto,Emilia-Romagna,Italy
San Lazzaro di Savena,Emilia-Romagna,Italy
San Mauro Pascoli,Emilia-Romagna,Italy
San Pietro in Casale,Emilia-Romagna,Italy
SantIlario dEnza,Emilia-Romagna,Italy
Santarcangelo di Romagna,Emilia-Romagna,Italy
Sasso Marconi,Emilia-Romagna,Italy
Sassuolo,Emilia-Romagna,Italy
Savignano sul Panaro,Emilia-Romagna,Italy
Savignano sul Rubicone,Emilia-Romagna,Italy
Scandiano,Emilia-Romagna,Italy
Soliera,Emilia-Romagna,Italy
Sorbolo,Emilia-Romagna,Italy
Spilamberto,Emilia-Romagna,Italy
Verucchio,Emilia-Romagna,Italy
Vignola,Emilia-Romagna,Italy
Zola Predosa,Emilia-Romagna,Italy
Saint Agostino,Ferrara,Italy