Lafayette,California,USA
Walker,California,USA
Caribou,California,USA
Monterey,California,USA
East Los Angeles,California,USA
Sonoma,California,USA
Groveland,California,USA
Merced,California,USA
Aspen Springs,California,USA
San Simeon,California,USA
Le Grand,California,USA
Westwood,California,USA
Soda Springs,California,USA
Carmel-by-the-Sea,California,USA
Del Mar,California,USA
Desert View Highlands,California,USA
Mountain Ranch,California,USA
Blue Lake,California,USA
Waterford,California,USA
Alum Rock,California,USA
North Lakeport,California,USA
Menifee,California,USA
Bowles,California,USA
Boronda,California,USA
Charter Oak,California,USA
Big Creek,California,USA
Monument Hills,California,USA
Avila Beach,California,USA
California Hot Springs,California,USA
Keene,California,USA
Sand City,California,USA
Rutherford,California,USA
Canyondam,California,USA
Tustin,California,USA
Victor,California,USA
Kelly Ridge,California,USA
Val Verde,California,USA
Farmersville,California,USA
Saranap,California,USA
Richmond,California,USA
Santa Cruz,California,USA
Happy Camp,California,USA
Hornbrook,California,USA
Corralitos,California,USA
Wilkerson,California,USA
Midpines,California,USA
Twin Lakes,California,USA
Alhambra,California,USA
Suisun City,California,USA
Tooleville,California,USA
Parkway,California,USA
Calwa,California,USA
Bakersfield,California,USA
Phillipsville,California,USA
Lemoore Station,California,USA
Lake Los Angeles,California,USA
Aromas,California,USA
Edwards AFB,California,USA
Winter Gardens,California,USA
Mammoth Lakes,California,USA
Fullerton,California,USA
Gustine,California,USA
Delano,California,USA
San Francisco,California,USA
East Sonora,California,USA
Foothill Farms,California,USA
Lake City,California,USA
Terra Bella,California,USA
Phoenix Lake,California,USA
Edgewood,California,USA
Pike,California,USA
Muir Beach,California,USA
Woodlake,California,USA
Dana Point,California,USA
Lockwood,California,USA
Mount Shasta,California,USA
Woodcrest,California,USA
Woodside,California,USA
El Verano,California,USA
Squirrel Mountain Valley,California,USA
Woodlands,California,USA
Tuolumne City,California,USA
Seville,California,USA
Shasta,California,USA
San Fernando,California,USA
Lompoc,California,USA
South Gate,California,USA
Bolinas,California,USA
Norris Canyon,California,USA
Hemet,California,USA
Chalfant,California,USA
Spaulding,California,USA
Hamilton Branch,California,USA
Arbuckle,California,USA
Philo,California,USA
Lexington Hills,California,USA
Gazelle,California,USA
Forbestown,California,USA
Loma Mar,California,USA
Little Grass Valley,California,USA
Goshen,California,USA
Antelope,California,USA
Humboldt Hill,California,USA
Guerneville,California,USA
Fresno,California,USA
East Foothills,California,USA
North El Monte,California,USA
Union City,California,USA
Walnut,California,USA
El Granada,California,USA
Orange,California,USA
Deer Park,California,USA
Bradley,California,USA
Buena Park,California,USA
Fort Bidwell,California,USA
Citrus,California,USA
Camino,California,USA
Newman,California,USA
Loma Linda,California,USA
River Pines,California,USA
Garden Farms,California,USA
Moskowite Corner,California,USA
Pomona,California,USA
Stratford,California,USA
Lake Elsinore,California,USA
Covina,California,USA
Larkfield-Wikiup,California,USA
Cayucos,California,USA
Albany,California,USA
Fallbrook,California,USA
Borrego Springs,California,USA
Paramount,California,USA
Winterhaven,California,USA
Dos Palos,California,USA
Lake San Marcos,California,USA
Manteca,California,USA
Kerman,California,USA
Nipomo,California,USA
San Dimas,California,USA
Loyola,California,USA
Buttonwillow,California,USA
Keswick,California,USA
Marina del Rey,California,USA
Vincent,California,USA
Greenhorn,California,USA
Santa Rosa Valley,California,USA
Westhaven-Moonstone,California,USA
Creston,California,USA
French Camp,California,USA
Forest Meadows,California,USA
Davis,California,USA
Hollister,California,USA
El Rio,California,USA
Morro Bay,California,USA
Monte Rio,California,USA
Cameron Park,California,USA
Lakeport,California,USA
Upper Lake,California,USA
Georgetown,California,USA
Malibu,California,USA
Hartland,California,USA
Redondo Beach,California,USA
Lake Almanor West,California,USA
Lamont,California,USA
Bieber,California,USA
Moss Landing,California,USA
Anaheim,California,USA
Mojave,California,USA
Camanche Village,California,USA
Julian,California,USA
Bell Canyon,California,USA
Biggs,California,USA
Florin,California,USA
Talmage,California,USA
Linda,California,USA
Butte Valley,California,USA
West Carson,California,USA
Fall River Mills,California,USA
Claremont,California,USA
Pleasant Hill,California,USA
Santa Ynez,California,USA
Santa Clarita,California,USA
Derby Acres,California,USA
Hanford,California,USA
Clearlake,California,USA
Morada,California,USA
Brea,California,USA
Lake Arrowhead,California,USA
Drytown,California,USA
Los Angeles,California,USA
Smartsville,California,USA
Calipatria,California,USA
Esparto,California,USA
Manchester,California,USA
Monmouth,California,USA
Rio Dell,California,USA
Princeton,California,USA
Mountain View Acres,California,USA
Lake of the Pines,California,USA
Yolo,California,USA
Penn Valley,California,USA
McKittrick,California,USA
Soulsbyville,California,USA
Thousand Oaks,California,USA
Fairmead,California,USA
Grover Beach,California,USA
Westmorland,California,USA
West Bishop,California,USA
Lebec,California,USA
Crows Landing,California,USA
Hardwick,California,USA
Pine Hills,California,USA
Gold River,California,USA
Mill Valley,California,USA
Topaz,California,USA
Glendale,California,USA
Pixley,California,USA
Santa Rosa,California,USA
Whitley Gardens,California,USA
Richgrove,California,USA
Los Banos,California,USA
Volta,California,USA
Fillmore,California,USA
Bret Harte,California,USA
Brentwood,California,USA
Shasta Lake,California,USA
Cutten,California,USA
Mead Valley,California,USA
Nicolaus,California,USA
Fort Irwin,California,USA
Mariposa,California,USA
Wallace,California,USA
Acampo,California,USA
Mentone,California,USA
Waukena,California,USA
Desert Center,California,USA
Port Costa,California,USA
Cromberg,California,USA
Highland,California,USA
Hidden Hills,California,USA
Los Osos,California,USA
Encinitas,California,USA
Los Olivos,California,USA
Johnsville,California,USA
Pi√±on Hills,California,USA
Sanger,California,USA
Oakland,California,USA
Shell Ridge,California,USA
Greenacres,California,USA
Lockeford,California,USA
La Porte,California,USA
View Park-Windsor Hills,California,USA
Indian Falls,California,USA
Tara Hills,California,USA
East San Gabriel,California,USA
Richfield,California,USA
Sea Ranch,California,USA
Lake Sherwood,California,USA
Cypress,California,USA
Belvedere,California,USA
Comptche,California,USA
Granite Bay,California,USA
Forest Ranch,California,USA
Poway,California,USA
Ballico,California,USA
Monrovia,California,USA
Orick,California,USA
Lake Isabella,California,USA
Bayview,California,USA
Nubieber,California,USA
Lakeside,California,USA
Diamond Bar,California,USA
Visalia,California,USA
Lindcove,California,USA
La Riviera,California,USA
Jenner,California,USA
Home Gardens,California,USA
Moraga,California,USA
Kelseyville,California,USA
Berry Creek,California,USA
Hawaiian Gardens,California,USA
Meadow Valley,California,USA
Yettem,California,USA
Columbia,California,USA
Lytle Creek,California,USA
Yosemite Valley,California,USA
Oak Park,California,USA
East Palo Alto,California,USA
Quincy,California,USA
Squaw Valley,California,USA
Timber Cove,California,USA
Crockett,California,USA
Cupertino,California,USA
Bloomfield,California,USA
Seal Beach,California,USA
Winchester,California,USA
Camino Tassajara,California,USA
Oakhurst,California,USA
Gridley,California,USA
McCloud,California,USA
Clyde,California,USA
East Tulare Villa,California,USA
Armona,California,USA
Glen Ellen,California,USA
Riverside,California,USA
Iron Horse,California,USA
Alondra Park,California,USA
Lake Wildwood,California,USA
Doyle,California,USA
East Porterville,California,USA
Montgomery Creek,California,USA
Lincoln,California,USA
Pacheco,California,USA
Joshua Tree,California,USA
Emeryville,California,USA
Redwood Valley,California,USA
El Nido,California,USA
Mohawk Vista,California,USA
Johannesburg,California,USA
C-Road,California,USA
Camptonville,California,USA
Yorba Linda,California,USA
Woodville,California,USA
San Buenaventura,California,USA
Midway City,California,USA
Oroville,California,USA
Empire,California,USA
Carlsbad,California,USA
Aguanga,California,USA
Cutler,California,USA
Cambrian Park,California,USA
San Lucas,California,USA
Whitehawk,California,USA
Snelling,California,USA
Bear Valley,California,USA
Ahwahnee,California,USA
Temple City,California,USA
Willow Creek,California,USA
Artois,California,USA
Blythe,California,USA
Coloma,California,USA
Freedom,California,USA
Maywood,California,USA
Green Acres,California,USA
Fairbanks Ranch,California,USA
Rodeo,California,USA
Avenal,California,USA
Pine Mountain Lake,California,USA
Alderpoint,California,USA
Lincoln Village,California,USA
Elverta,California,USA
San Jose,California,USA
South Taft,California,USA
Arden-Arcade,California,USA
Cartago,California,USA
Monte Sereno,California,USA
Lost Hills,California,USA
Imperial,California,USA
Adelanto,California,USA
Mount Hebron,California,USA
McSwain,California,USA
La Habra,California,USA
Shingle Springs,California,USA
Brawley,California,USA
Smith Corner,California,USA
Napa,California,USA
Springville,California,USA
Apple Valley,California,USA
Round Valley,California,USA
Trinity Village,California,USA
Rio Linda,California,USA
Tahoe Vista,California,USA
Bear Valley Springs,California,USA
Ducor,California,USA
Soquel,California,USA
Palm Desert,California,USA
Spring Garden,California,USA
Red Corral,California,USA
Clearlake Oaks,California,USA
Twain Harte,California,USA
San Leandro,California,USA
Manton,California,USA
Swall Meadows,California,USA
Butte Meadows,California,USA
North Fair Oaks,California,USA
Cedar Ridge,California,USA
Aptos Hills-Larkin Valley,California,USA
Rancho Palos Verdes,California,USA
Westminster,California,USA
Dogtown,California,USA
Pacifica,California,USA
Buellton,California,USA
New Pine Creek,California,USA
Canyon Lake,California,USA
Corcoran,California,USA
Kirkwood,California,USA
Cressey,California,USA
Fields Landing,California,USA
Ashland,California,USA
Baker,California,USA
Gardena,California,USA
Foster City,California,USA
Gonzales,California,USA
Pescadero,California,USA
Moores Mill,Alabama,USA
Sanford,Alabama,USA
Thomasville,Alabama,USA
Smoke Rise,Alabama,USA
Kellyton,Alabama,USA
Town Creek,Alabama,USA
Glencoe,Alabama,USA
Waldo,Alabama,USA
Ashford,Alabama,USA
Gu-Win,Alabama,USA
Oxford,Alabama,USA
Irondale,Alabama,USA
Cowarts,Alabama,USA
Holtville,Alabama,USA
Hackneyville,Alabama,USA
Anniston,Alabama,USA
Gulf Shores,Alabama,USA
Holt,Alabama,USA
Lineville,Alabama,USA
Rockford,Alabama,USA
Sumiton,Alabama,USA
Grimes,Alabama,USA
Loachapoka,Alabama,USA
Gordo,Alabama,USA
Scottsboro,Alabama,USA
Stewartville,Alabama,USA
Louisville,Alabama,USA
Livingston,Alabama,USA
Hillsboro,Alabama,USA
Gordon,Alabama,USA
Nauvoo,Alabama,USA
Vance,Alabama,USA
Grove Hill,Alabama,USA
Grant,Alabama,USA
Lockhart,Alabama,USA
Castleberry,Alabama,USA
Dauphin Island,Alabama,USA
Helena,Alabama,USA
Wilton,Alabama,USA
Uriah,Alabama,USA
Selma,Alabama,USA
Lillian,Alabama,USA
Coffeeville,Alabama,USA
Concord,Alabama,USA
Creola,Alabama,USA
Trussville,Alabama,USA
Walnut Grove,Alabama,USA
Sheffield,Alabama,USA
Brantleyville,Alabama,USA
Columbiana,Alabama,USA
West Jefferson,Alabama,USA
Guntersville,Alabama,USA
Selmont-West Selmont,Alabama,USA
Langston,Alabama,USA
Hollywood,Alabama,USA
Geneva,Alabama,USA
Napier Field,Alabama,USA
Calera,Alabama,USA
Headland,Alabama,USA
Hissop,Alabama,USA
Spanish Fort,Alabama,USA
Enterprise,Alabama,USA
Section,Alabama,USA
Redland,Alabama,USA
Montevallo,Alabama,USA
Glen Allen,Alabama,USA
Magnolia Springs,Alabama,USA
Lexington,Alabama,USA
Dunnavant,Alabama,USA
Cusseta,Alabama,USA
County Line,Alabama,USA
Rock Creek,Alabama,USA
Winfield,Alabama,USA
Warrior,Alabama,USA
Morrison Crossroads,Alabama,USA
McIntosh,Alabama,USA
Pell City,Alabama,USA
Vernon,Alabama,USA
Macedonia,Alabama,USA
Courtland,Alabama,USA
Ardmore,Alabama,USA
Mosses,Alabama,USA
Guin,Alabama,USA
McDonald Chapel,Alabama,USA
Lanett,Alabama,USA
Union,Alabama,USA
Axis,Alabama,USA
Gardendale,Alabama,USA
Smiths Station,Alabama,USA
Orrville,Alabama,USA
Double Springs,Alabama,USA
Horn Hill,Alabama,USA
Opp,Alabama,USA
Lake View,Alabama,USA
Eldridge,Alabama,USA
Theodore,Alabama,USA
Eutaw,Alabama,USA
Thorsby,Alabama,USA
Sylvan Springs,Alabama,USA
Midway,Alabama,USA
New Market,Alabama,USA
Centreville,Alabama,USA
Newton,Alabama,USA
Birmingham,Alabama,USA
Montgomery,Alabama,USA
Somerville,Alabama,USA
Woodstock,Alabama,USA
Jacksonville,Alabama,USA
Moody,Alabama,USA
Arab,Alabama,USA
Dodge City,Alabama,USA
Demopolis,Alabama,USA
Webb,Alabama,USA
Bristow Cove,Alabama,USA
Altoona,Alabama,USA
Highland Lake,Alabama,USA
Decatur,Alabama,USA
Dutton,Alabama,USA
Hackleburg,Alabama,USA
Flomaton,Alabama,USA
Anderson,Alabama,USA
Talladega Springs,Alabama,USA
East Brewton,Alabama,USA
Daviston,Alabama,USA
Pelham,Alabama,USA
Linden,Alabama,USA
McKenzie,Alabama,USA
Marbury,Alabama,USA
Excel,Alabama,USA
Cullman,Alabama,USA
Evergreen,Alabama,USA
Childersburg,Alabama,USA
Oakman,Alabama,USA
Madison,Alabama,USA
Allgood,Alabama,USA
Roanoke,Alabama,USA
Moundville,Alabama,USA
Cullomburg,Alabama,USA
Red Level,Alabama,USA
Nectar,Alabama,USA
Haleyville,Alabama,USA
Tarrant,Alabama,USA
St. Florian,Alabama,USA
Myrtlewood,Alabama,USA
West End-Cobb Town,Alabama,USA
Hurtsboro,Alabama,USA
Littleville,Alabama,USA
Brilliant,Alabama,USA
Franklin,Alabama,USA
Onycha,Alabama,USA
Boykin,Alabama,USA
Stockton,Alabama,USA
Jemison,Alabama,USA
Lipscomb,Alabama,USA
Athens,Alabama,USA
Fairfield,Alabama,USA
Black,Alabama,USA
Saks,Alabama,USA
Petrey,Alabama,USA
Pinckard,Alabama,USA
Andalusia,Alabama,USA
Ashville,Alabama,USA
Abbeville,Alabama,USA
Alexander City,Alabama,USA
Fort Rucker,Alabama,USA
Fulton,Alabama,USA
Clanton,Alabama,USA
Odenville,Alabama,USA
Thomaston,Alabama,USA
Lowndesboro,Alabama,USA
Leesburg,Alabama,USA
Aliceville,Alabama,USA
Bear Creek,Alabama,USA
Carolina,Alabama,USA
Hamilton,Alabama,USA
Akron,Alabama,USA
Jackson,Alabama,USA
Midfield,Alabama,USA
Argo,Alabama,USA
North Courtland,Alabama,USA
Daleville,Alabama,USA
Goldville,Alabama,USA
Mignon,Alabama,USA
Harpersville,Alabama,USA
Vinegar Bend,Alabama,USA
Wetumpka,Alabama,USA
Citronelle,Alabama,USA
Hartford,Alabama,USA
Tuscaloosa,Alabama,USA
Bay Minette,Alabama,USA
Hayneville,Alabama,USA
Hatton,Alabama,USA
Hoover,Alabama,USA
Detroit,Alabama,USA
Meridianville,Alabama,USA
Rainsville,Alabama,USA
Troy,Alabama,USA
Underwood-Petersville,Alabama,USA
Elkmont,Alabama,USA
Brookwood,Alabama,USA
Muscle Shoals,Alabama,USA
Fairview,Alabama,USA
Southside,Alabama,USA
Luverne,Alabama,USA
Lynn,Alabama,USA
Skyline,Alabama,USA
Millry,Alabama,USA
Fruithurst,Alabama,USA
Eunola,Alabama,USA
South Vinemont,Alabama,USA
Huguley,Alabama,USA
Clayton,Alabama,USA
Dora,Alabama,USA
Elberta,Alabama,USA
Gulfcrest,Alabama,USA
Berry,Alabama,USA
Colony,Alabama,USA
Boaz,Alabama,USA
Twin,Alabama,USA
Libertyville,Alabama,USA
Coker,Alabama,USA
Haleburg,Alabama,USA
Millport,Alabama,USA
Mountain Brook,Alabama,USA
Parrish,Alabama,USA
Center Point,Alabama,USA
Russellville,Alabama,USA
Meadowbrook,Alabama,USA
Woodland,Alabama,USA
Hobson,Alabama,USA
Gantt,Alabama,USA
Sylacauga,Alabama,USA
Cottondale,Alabama,USA
Choccolocco,Alabama,USA
Rosa,Alabama,USA
Grayson Valley,Alabama,USA
Repton,Alabama,USA
Kimberly,Alabama,USA
Malcolm,Alabama,USA
Our Town,Alabama,USA
Riverview,Alabama,USA
Carrollton,Alabama,USA
Boligee,Alabama,USA
Kennedy,Alabama,USA
Adamsville,Alabama,USA
Rockville,Alabama,USA
Clay,Alabama,USA
Bellamy,Alabama,USA
Madrid,Alabama,USA
Glenwood,Alabama,USA
Heflin,Alabama,USA
Brighton,Alabama,USA
McMullen,Alabama,USA
Jasper,Alabama,USA
Ranburne,Alabama,USA
Clayhatchee,Alabama,USA
Valley,Alabama,USA
Maytown,Alabama,USA
Gordonville,Alabama,USA
Benton,Alabama,USA
Pine Apple,Alabama,USA
Taylor,Alabama,USA
Standing Rock,Alabama,USA
Pine Ridge,Alabama,USA
Collinsville,Alabama,USA
Harvest,Alabama,USA
Pleasant Grove,Alabama,USA
Ohatchee,Alabama,USA
Nanafalia,Alabama,USA
Slocomb,Alabama,USA
Tibbie,Alabama,USA
Maplesville,Alabama,USA
Henagar,Alabama,USA
Atmore,Alabama,USA
Faunsdale,Alabama,USA
River Falls,Alabama,USA
Lisman,Alabama,USA
Waverly,Alabama,USA
Hodges,Alabama,USA
Tallassee,Alabama,USA
Silverhill,Alabama,USA
Whitesboro,Alabama,USA
Bridgeport,Alabama,USA
Marion,Alabama,USA
Valley Grande,Alabama,USA
Natural Bridge,Alabama,USA
Cottonwood,Alabama,USA
Vestavia Hills,Alabama,USA
Kinston,Alabama,USA
Greenville,Alabama,USA
Leeds,Alabama,USA
Bayou La Batre,Alabama,USA
Brook Highland,Alabama,USA
Red Bay,Alabama,USA
Alexandria,Alabama,USA
Uniontown,Alabama,USA
Florence,Alabama,USA
Good Hope,Alabama,USA
Dozier,Alabama,USA
Minor,Alabama,USA
La Fayette,Alabama,USA
Florala,Alabama,USA
Bucks,Alabama,USA
Westover,Alabama,USA
Blue Ridge,Alabama,USA
Snead,Alabama,USA
Leroy,Alabama,USA
Banks,Alabama,USA
Auburn,Alabama,USA
Pine Hill,Alabama,USA
Moulton,Alabama,USA
Edgewater,Alabama,USA
Gurley,Alabama,USA
Coats Bend,Alabama,USA
Spruce Pine,Alabama,USA
Sims Chapel,Alabama,USA
Perdido Beach,Alabama,USA
Yellow Bluff,Alabama,USA
Saraland,Alabama,USA
East Point,Alabama,USA
Ider,Alabama,USA
West Point,Alabama,USA
Douglas,Alabama,USA
Hayden,Alabama,USA
Phil Campbell,Alabama,USA
Weogufka,Alabama,USA
Elba,Alabama,USA
Forestdale,Alabama,USA
Hobson City,Alabama,USA
Weaver,Alabama,USA
Broomtown,Alabama,USA
Newville,Alabama,USA
Crossville,Alabama,USA
Leighton,Alabama,USA
Piedmont,Alabama,USA
Phenix City,Alabama,USA
Tillmans Corner,Alabama,USA
Orange Beach,Alabama,USA
Elmore,Alabama,USA
Shoal Creek,Alabama,USA
West Blocton,Alabama,USA
Cherokee,Alabama,USA
Fairhope,Alabama,USA
Attalla,Alabama,USA
Dayton,Alabama,USA
Hueytown,Alabama,USA
Daphne,Alabama,USA
Gadsden,Alabama,USA
Mobile,Alabama,USA
Fyffe,Alabama,USA
Toxey,Alabama,USA
Kinsey,Alabama,USA
Needham,Alabama,USA
Hollis Crossroads,Alabama,USA
Carlisle-Rockledge,Alabama,USA
Stapleton,Alabama,USA
Peterman,Alabama,USA
Ariton,Alabama,USA
Opelika,Alabama,USA
Fultondale,Alabama,USA
Vina,Alabama,USA
Ballplay,Alabama,USA
Billingsley,Alabama,USA
Robertsdale,Alabama,USA
Union Grove,Alabama,USA
Rainbow City,Alabama,USA
Loxley,Alabama,USA
Belgreen,Alabama,USA
Belk,Alabama,USA
Hytop,Alabama,USA
Panola,Alabama,USA
Steele,Alabama,USA
Ridgeville,Alabama,USA
Fairford,Alabama,USA
Addison,Alabama,USA
Brantley,Alabama,USA
Ozark,Alabama,USA
Prattville,Alabama,USA
Vandiver,Alabama,USA
Shorter,Alabama,USA
Edwardsville,Alabama,USA
Newbern,Alabama,USA
Pike Road,Alabama,USA
Monroeville,Alabama,USA
Malvern,Alabama,USA
Penton,Alabama,USA
Shelby,Alabama,USA
Albertville,Alabama,USA
Lester,Alabama,USA
Chatom,Alabama,USA
New Site,Alabama,USA
Egypt,Alabama,USA
Ladonia,Alabama,USA
Jacksons' Gap,Alabama,USA
Putnam,Alabama,USA
Falkville,Alabama,USA
Fruitdale,Alabama,USA
Locust Fork,Alabama,USA
Gilbertown,Alabama,USA
Brent,Alabama,USA
Providence,Alabama,USA
Foley,Alabama,USA
Notasulga,Alabama,USA
Beaverton,Alabama,USA
Rogersville,Alabama,USA
Mulga,Alabama,USA
Sulligent,Alabama,USA
Cardiff,Alabama,USA
Sylvania,Alabama,USA
Carlton,Alabama,USA
Sipsey,Alabama,USA
Wadley,Alabama,USA
Redstone Arsenal,Alabama,USA
Sterrett,Alabama,USA
Ragland,Alabama,USA
Hartselle,Alabama,USA
Fitzpatrick,Alabama,USA
Delta,Alabama,USA
Ivalee,Alabama,USA
Midland City,Alabama,USA
Munford,Alabama,USA
Chelsea,Alabama,USA
Whatley,Alabama,USA
Tuscumbia,Alabama,USA
Graham,Alabama,USA
Satsuma,Alabama,USA
New Brockton,Alabama,USA
Gainesville,Alabama,USA
Carbon Hill,Alabama,USA
Emelle,Alabama,USA
Kansas,Alabama,USA
Northport,Alabama,USA
Chunchula,Alabama,USA
Geraldine,Alabama,USA
Heath,Alabama,USA
Fayetteville,Alabama,USA
Triana,Alabama,USA
Georgiana,Alabama,USA
Oak Grove,Alabama,USA
Dothan,Alabama,USA
Valley Head,Alabama,USA
Eva,Alabama,USA
Reece City,Alabama,USA
Hanceville,Alabama,USA
Priceville,Alabama,USA
Calvert,Alabama,USA
Bessemer,Alabama,USA
Owens Cross Roads,Alabama,USA
Cordova,Alabama,USA
Highland Lakes,Alabama,USA
Joppa,Alabama,USA
Paint Rock,Alabama,USA
Hazel Green,Alabama,USA
Grand Bay,Alabama,USA
White Plains,Alabama,USA
Nances Creek,Alabama,USA
Point Clear,Alabama,USA
Butler,Alabama,USA
Fayette,Alabama,USA
Autaugaville,Alabama,USA
Deatsville,Alabama,USA
Summerdale,Alabama,USA
Sweet Water,Alabama,USA
Fort Payne,Alabama,USA
Brookside,Alabama,USA
Arley,Alabama,USA
Bakerhill,Alabama,USA
Oak Hill,Alabama,USA
Gaylesville,Alabama,USA
Pinson,Alabama,USA
Coffee Springs,Alabama,USA
Mount Vernon,Alabama,USA
Pennington,Alabama,USA
Rutledge,Alabama,USA
Brewton,Alabama,USA
Goshen,Alabama,USA
Fredonia,Alabama,USA
Cedar Bluff,Alabama,USA
Wilsonville,Alabama,USA
Pisgah,Alabama,USA
Lakeview,Alabama,USA
Chickasaw,Alabama,USA
Morris,Alabama,USA
Bon Air,Alabama,USA
Level Plains,Alabama,USA
Sand Rock,Alabama,USA
Babbie,Alabama,USA
Rehobeth,Alabama,USA
York,Alabama,USA
Vincent,Alabama,USA
Waterloo,Alabama,USA
Reeltown,Alabama,USA
Ethelsville,Alabama,USA
Forkland,Alabama,USA
New Hope,Alabama,USA
Bon Secour,Alabama,USA
Pickensville,Alabama,USA
Five Points,Alabama,USA
Brundidge,Alabama,USA
Clio,Alabama,USA
Eufaula,Alabama,USA
Emerald Mountain,Alabama,USA
Ray,Alabama,USA
Centre,Alabama,USA
Mount Olive,Alabama,USA
Rock Mills,Alabama,USA
Blountsville,Alabama,USA
Abanda,Alabama,USA
Movico,Alabama,USA
Graysville,Alabama,USA
Indian Springs Village,Alabama,USA
Cuba,Alabama,USA
Silas,Alabama,USA
Alabaster,Alabama,USA
Prichard,Alabama,USA
Perdido,Alabama,USA
Reform,Alabama,USA
Homewood,Alabama,USA
Hokes Bluff,Alabama,USA
Susan Moore,Alabama,USA
Tuskegee,Alabama,USA
Avon,Alabama,USA
Mentone,Alabama,USA
St. Stephens,Alabama,USA
New Union,Alabama,USA
Pine Level,Alabama,USA
Oneonta,Alabama,USA
Holly Pond,Alabama,USA
Dadeville,Alabama,USA
Trinity,Alabama,USA
Beatrice,Alabama,USA
Huntsville,Alabama,USA
Millerville,Alabama,USA
Coosada,Alabama,USA
Vredenburgh,Alabama,USA
Garden City,Alabama,USA
Pleasant Groves,Alabama,USA
Deer Park,Alabama,USA
Baileyton,Alabama,USA
Fort Deposit,Alabama,USA
Eclectic,Alabama,USA
Samson,Alabama,USA
Powell,Alabama,USA
Columbia,Alabama,USA
Hollins,Alabama,USA
Sardis City,Alabama,USA
Killen,Alabama,USA
Shiloh,Alabama,USA
Semmes,Alabama,USA
Riverside,Alabama,USA
Wedowee,Alabama,USA
Megargel,Alabama,USA
Lookout Mountain,Alabama,USA
Lincoln,Alabama,USA
Frisco City,Alabama,USA
Goodwater,Alabama,USA
Stevenson,Alabama,USA
Woodville,Alabama,USA
Cleveland,Alabama,USA
Pollard,Alabama,USA
Union Springs,Alabama,USA
Millbrook,Alabama,USA
White Hall,Alabama,USA
Ashland,Alabama,USA
Greensboro,Alabama,USA
Catherine,Alabama,USA
Talladega,Alabama,USA
Camden,Alabama,USA
Blue Springs,Alabama,USA
Tidmore Bend,Alabama,USA
Belle Fontaine,Alabama,USA
Springville,Alabama,USA
Memphis,Alabama,USA
Camp Hill,Alabama,USA
Trafford,Alabama,USA
Spring Garden,Alabama,USA
Geiger,Alabama,USA
Hammondville,Alabama,USA
Epes,Alabama,USA
Gallant,Alabama,USA
Coaling,Alabama,USA
Margaret,Alabama,USA
North Johns,Alabama,USA
Mooresville,Alabama,USA
McDougal,Arkansas,USA
McAlmont,Arkansas,USA
Paris,Arkansas,USA
Crawfordsville,Arkansas,USA
Gravette,Arkansas,USA
Dell,Arkansas,USA
Lead Hill,Arkansas,USA
Tontitown,Arkansas,USA
Waldo,Arkansas,USA
Judsonia,Arkansas,USA
Edmondson,Arkansas,USA
Bald Knob,Arkansas,USA
Cherokee Village,Arkansas,USA
Alpena,Arkansas,USA
McRae,Arkansas,USA
Cherry Valley,Arkansas,USA
Pineville,Arkansas,USA
Midway,Arkansas,USA
Marianna,Arkansas,USA
Brinkley,Arkansas,USA
Barling,Arkansas,USA
Parkin,Arkansas,USA
Cale,Arkansas,USA
Ward,Arkansas,USA
Sparkman,Arkansas,USA
Burdette,Arkansas,USA
Briarcliff,Arkansas,USA
College Station,Arkansas,USA
McNeil,Arkansas,USA
Winslow,Arkansas,USA
Bethel Heights,Arkansas,USA
Bella Vista,Arkansas,USA
Charleston,Arkansas,USA
Gillett,Arkansas,USA
Des Arc,Arkansas,USA
Patmos,Arkansas,USA
London,Arkansas,USA
Rockport,Arkansas,USA
Wilton,Arkansas,USA
Redfield,Arkansas,USA
Damascus,Arkansas,USA
McGehee,Arkansas,USA
Greers Ferry,Arkansas,USA
Wilmar,Arkansas,USA
Horseshoe Lake,Arkansas,USA
Heber Springs,Arkansas,USA
Bono,Arkansas,USA
Lake Village,Arkansas,USA
New Edinburg,Arkansas,USA
Ben Lomond,Arkansas,USA
Reader,Arkansas,USA
St. Joe,Arkansas,USA
Grady,Arkansas,USA
Malvern,Arkansas,USA
Ozan,Arkansas,USA
Danville,Arkansas,USA
Gilbert,Arkansas,USA
Greenbrier,Arkansas,USA
Hindsville,Arkansas,USA
Williford,Arkansas,USA
Thornton,Arkansas,USA
Victoria,Arkansas,USA
Siloam Springs,Arkansas,USA
Vilonia,Arkansas,USA
Cotton Plant,Arkansas,USA
Bradford,Arkansas,USA
Rogers,Arkansas,USA
Kensett,Arkansas,USA
Dover,Arkansas,USA
Stephens,Arkansas,USA
Gillham,Arkansas,USA
Rector,Arkansas,USA
Mena,Arkansas,USA
Blue Eye,Arkansas,USA
Watson,Arkansas,USA
Wynne,Arkansas,USA
Bay,Arkansas,USA
Beebe,Arkansas,USA
Waldron,Arkansas,USA
Eudora,Arkansas,USA
Mountainburg,Arkansas,USA
Cave Springs,Arkansas,USA
Coy,Arkansas,USA
Stuttgart,Arkansas,USA
Buckner,Arkansas,USA
Clarksville,Arkansas,USA
Haynes,Arkansas,USA
Strong,Arkansas,USA
Junction City,Arkansas,USA
Moorefield,Arkansas,USA
Yarborough Landing,Arkansas,USA
Oppelo,Arkansas,USA
Sheridan,Arkansas,USA
Okolona,Arkansas,USA
Hatfield,Arkansas,USA
Lake View,Arkansas,USA
Roland,Arkansas,USA
Bearden,Arkansas,USA
Delight,Arkansas,USA
Parkdale,Arkansas,USA
Jennette,Arkansas,USA
Nimmons,Arkansas,USA
Reyno,Arkansas,USA
Hermitage,Arkansas,USA
Pine Bluff,Arkansas,USA
Fort Smith,Arkansas,USA
Everton,Arkansas,USA
Bluff City,Arkansas,USA
Fifty-Six,Arkansas,USA
Plainview,Arkansas,USA
Greenland,Arkansas,USA
Hickory Ridge,Arkansas,USA
Walnut Ridge,Arkansas,USA
Decatur,Arkansas,USA
Tollette,Arkansas,USA
Magazine,Arkansas,USA
Etowah,Arkansas,USA
Dermott,Arkansas,USA
Marshall,Arkansas,USA
Haskell,Arkansas,USA
Batesville,Arkansas,USA
Norfork,Arkansas,USA
Weldon,Arkansas,USA
Gould,Arkansas,USA
Blevins,Arkansas,USA
Woodlawn,Arkansas,USA
Brookland,Arkansas,USA
Gum Springs,Arkansas,USA
Little Rock,Arkansas,USA
Hackett,Arkansas,USA
Gosnell,Arkansas,USA
Shannon Hills,Arkansas,USA
Adona,Arkansas,USA
Sweet Home,Arkansas,USA
Caraway,Arkansas,USA
Ogden,Arkansas,USA
Lake Hamilton,Arkansas,USA
Roe,Arkansas,USA
Dumas,Arkansas,USA
Tyronza,Arkansas,USA
Caldwell,Arkansas,USA
Rose Bud,Arkansas,USA
Cave City,Arkansas,USA
Tillar,Arkansas,USA
Hot Springs,Arkansas,USA
McCrory,Arkansas,USA
Humnoke,Arkansas,USA
Corinth,Arkansas,USA
Guy,Arkansas,USA
Widener,Arkansas,USA
Traskwood,Arkansas,USA
Ashdown,Arkansas,USA
St. Paul,Arkansas,USA
Franklin,Arkansas,USA
Stamps,Arkansas,USA
South Lead Hill,Arkansas,USA
Texarkana,Arkansas,USA
Subiaco,Arkansas,USA
Wickes,Arkansas,USA
Mansfield,Arkansas,USA
Bellefonte,Arkansas,USA
Wooster,Arkansas,USA
Fulton,Arkansas,USA
Tuckerman,Arkansas,USA
Sidney,Arkansas,USA
Antoine,Arkansas,USA
Mountain Pine,Arkansas,USA
North Little Rock,Arkansas,USA
Johnson,Arkansas,USA
Prairie Creek,Arkansas,USA
Ash Flat,Arkansas,USA
Lafe,Arkansas,USA
Lost Bridge Village,Arkansas,USA
Cotter,Arkansas,USA
Rondo,Arkansas,USA
Tull,Arkansas,USA
Hagarville,Arkansas,USA
Gurdon,Arkansas,USA
Marmaduke,Arkansas,USA
Highfill,Arkansas,USA
Bradley,Arkansas,USA
Crossett,Arkansas,USA
Blytheville,Arkansas,USA
Carlisle,Arkansas,USA
Fargo,Arkansas,USA
Mountain Home,Arkansas,USA
Datto,Arkansas,USA
Pea Ridge,Arkansas,USA
Paragould,Arkansas,USA
Coal Hill,Arkansas,USA
Pollard,Arkansas,USA
Central City,Arkansas,USA
Anthonyville,Arkansas,USA
Hartford,Arkansas,USA
Corning,Arkansas,USA
Shirley,Arkansas,USA
Greenwood,Arkansas,USA
Bauxite,Arkansas,USA
Chidester,Arkansas,USA
Birdsong,Arkansas,USA
Keiser,Arkansas,USA
Centerton,Arkansas,USA
Pleasant Plains,Arkansas,USA
Calico Rock,Arkansas,USA
Norman,Arkansas,USA
Mulberry,Arkansas,USA
Sunset,Arkansas,USA
Madison,Arkansas,USA
Minturn,Arkansas,USA
Vandervoort,Arkansas,USA
Murfreesboro,Arkansas,USA
Southside,Arkansas,USA
Osceola,Arkansas,USA
Kibler,Arkansas,USA
Swifton,Arkansas,USA
Knoxville,Arkansas,USA
Magnet Cove,Arkansas,USA
Yellville,Arkansas,USA
Jericho,Arkansas,USA
Valley Springs,Arkansas,USA
LaGrange,Arkansas,USA
Higden,Arkansas,USA
Oden,Arkansas,USA
Hughes,Arkansas,USA
Casa,Arkansas,USA
Cash,Arkansas,USA
Griffithville,Arkansas,USA
Smithville,Arkansas,USA
Beaver,Arkansas,USA
Pyatt,Arkansas,USA
Russellville,Arkansas,USA
Horatio,Arkansas,USA
Cabot,Arkansas,USA
Hoxie,Arkansas,USA
Lewisville,Arkansas,USA
Atkins,Arkansas,USA
Augusta,Arkansas,USA
Harrison,Arkansas,USA
Mountain View,Arkansas,USA
Sulphur Springs,Arkansas,USA
Earle,Arkansas,USA
Plumerville,Arkansas,USA
Lepanto,Arkansas,USA
Glenwood,Arkansas,USA
Gilmore,Arkansas,USA
Garland,Arkansas,USA
Wheatley,Arkansas,USA
Black Rock,Arkansas,USA
Caddo Valley,Arkansas,USA
Pottsville,Arkansas,USA
Garner,Arkansas,USA
Lakeview,Arkansas,USA
Jasper,Arkansas,USA
Harrell,Arkansas,USA
Louann,Arkansas,USA
Concord,Arkansas,USA
Mineral Springs,Arkansas,USA
Hartman,Arkansas,USA
Benton,Arkansas,USA
Strawberry,Arkansas,USA
Taylor,Arkansas,USA
Salem,Arkansas,USA
Cove,Arkansas,USA
Imboden,Arkansas,USA
Havana,Arkansas,USA
Scranton,Arkansas,USA
Sulphur Rock,Arkansas,USA
Dyer,Arkansas,USA
DeWitt,Arkansas,USA
Rosston,Arkansas,USA
Zinc,Arkansas,USA
Jerome,Arkansas,USA
Bassett,Arkansas,USA
Farmington,Arkansas,USA
Fourche,Arkansas,USA
Bodcaw,Arkansas,USA
Alma,Arkansas,USA
Grannis,Arkansas,USA
Marion,Arkansas,USA
Joiner,Arkansas,USA
Magnolia,Arkansas,USA
Diaz,Arkansas,USA
Searcy,Arkansas,USA
Donaldson,Arkansas,USA
Moro,Arkansas,USA
Maumelle,Arkansas,USA
Berryville,Arkansas,USA
St. Charles,Arkansas,USA
Avoca,Arkansas,USA
Van Buren,Arkansas,USA
Leola,Arkansas,USA
Lonoke,Arkansas,USA
Luxora,Arkansas,USA
Beedeville,Arkansas,USA
Rye,Arkansas,USA
Diamond City,Arkansas,USA
Rudy,Arkansas,USA
McCaskill,Arkansas,USA
Banks,Arkansas,USA
Scott,Arkansas,USA
Forrest City,Arkansas,USA
El Dorado,Arkansas,USA
De Valls Bluff,Arkansas,USA
Lowell,Arkansas,USA
Manila,Arkansas,USA
Hunter,Arkansas,USA
Campbell Station,Arkansas,USA
Oxford,Arkansas,USA
Grubbs,Arkansas,USA
Big Flat,Arkansas,USA
St. Francis,Arkansas,USA
Friendship,Arkansas,USA
England,Arkansas,USA
Portland,Arkansas,USA
West Point,Arkansas,USA
Perry,Arkansas,USA
Natural Steps,Arkansas,USA
East Camden,Arkansas,USA
Monette,Arkansas,USA
Cammack Village,Arkansas,USA
Belleville,Arkansas,USA
Oak Grove Heights,Arkansas,USA
Daisy,Arkansas,USA
Mount Pleasant,Arkansas,USA
Amagon,Arkansas,USA
Salesville,Arkansas,USA
Wiederkehr Village,Arkansas,USA
Prescott,Arkansas,USA
Allport,Arkansas,USA
Garfield,Arkansas,USA
Bigelow,Arkansas,USA
Almyra,Arkansas,USA
Eureka Springs,Arkansas,USA
Wilson,Arkansas,USA
Sherwood,Arkansas,USA
Portia,Arkansas,USA
Patterson,Arkansas,USA
Omaha,Arkansas,USA
Perrytown,Arkansas,USA
Chester,Arkansas,USA
Tinsman,Arkansas,USA
North Crossett,Arkansas,USA
Bergman,Arkansas,USA
East End,Arkansas,USA
Dierks,Arkansas,USA
Enola,Arkansas,USA
Alicia,Arkansas,USA
Alexander,Arkansas,USA
Ravenden Springs,Arkansas,USA
Leachville,Arkansas,USA
Elm Springs,Arkansas,USA
Green Forest,Arkansas,USA
Mayflower,Arkansas,USA
Nashville,Arkansas,USA
Avilla,Arkansas,USA
Turrell,Arkansas,USA
Ozark,Arkansas,USA
Holly Grove,Arkansas,USA
Waldenburg,Arkansas,USA
Piggott,Arkansas,USA
Kirby,Arkansas,USA
Monticello,Arkansas,USA
Quitman,Arkansas,USA
Landmark,Arkansas,USA
Altus,Arkansas,USA
Norphlet,Arkansas,USA
Jonesboro,Arkansas,USA
Jacksonville,Arkansas,USA
Cherokee City,Arkansas,USA
Weiner,Arkansas,USA
Foreman,Arkansas,USA
Evening Shade,Arkansas,USA
Russell,Arkansas,USA
Newark,Arkansas,USA
Morrilton,Arkansas,USA
Lavaca,Arkansas,USA
Clinton,Arkansas,USA
Viola,Arkansas,USA
Marie,Arkansas,USA
Lexa,Arkansas,USA
Springtown,Arkansas,USA
Knobel,Arkansas,USA
Reed,Arkansas,USA
Hot Springs Village,Arkansas,USA
Winthrop,Arkansas,USA
De Queen,Arkansas,USA
Peach Orchard,Arkansas,USA
Cedarville,Arkansas,USA
Dennard,Arkansas,USA
Pangburn,Arkansas,USA
Fairfield Bay,Arkansas,USA
Lonsdale,Arkansas,USA
Fountain Lake,Arkansas,USA
Fisher,Arkansas,USA
O'Kean,Arkansas,USA
Magness,Arkansas,USA
Summit,Arkansas,USA
Fayetteville,Arkansas,USA
Bull Shoals,Arkansas,USA
Hampton,Arkansas,USA
Little Flock,Arkansas,USA
Mount Ida,Arkansas,USA
New Blaine,Arkansas,USA
Sherrill,Arkansas,USA
Menifee,Arkansas,USA
Dardanelle,Arkansas,USA
Greenway,Arkansas,USA
Oak Grove,Arkansas,USA
Bryant,Arkansas,USA
Carthage,Arkansas,USA
Newport,Arkansas,USA
Ulm,Arkansas,USA
White Hall,Arkansas,USA
Dyess,Arkansas,USA
Trumann,Arkansas,USA
Egypt,Arkansas,USA
Hardy,Arkansas,USA
Maysville,Arkansas,USA
Blue Mountain,Arkansas,USA
Gateway,Arkansas,USA
Springdale,Arkansas,USA
Lake City,Arkansas,USA
Pocahontas,Arkansas,USA
Emerson,Arkansas,USA
Wrightsville,Arkansas,USA
Center Ridge,Arkansas,USA
Powhatan,Arkansas,USA
Mount Vernon,Arkansas,USA
Helena-West Helena,Arkansas,USA
Melbourne,Arkansas,USA
Hensley,Arkansas,USA
Fordyce,Arkansas,USA
Holiday Island,Arkansas,USA
McNab,Arkansas,USA
Lockesburg,Arkansas,USA
West Fork,Arkansas,USA
Goshen,Arkansas,USA
Houston,Arkansas,USA
Horseshoe Bend,Arkansas,USA
Fredonia,Arkansas,USA
Altheimer,Arkansas,USA
West Memphis,Arkansas,USA
Woodson,Arkansas,USA
Whelen Springs,Arkansas,USA
Staves,Arkansas,USA
Harrisburg,Arkansas,USA
Black Springs,Arkansas,USA
Huttig,Arkansas,USA
Huntington,Arkansas,USA
Western Grove,Arkansas,USA
Oakhaven,Arkansas,USA
Jacksonport,Arkansas,USA
Booneville,Arkansas,USA
Tumbling Shoals,Arkansas,USA
Flippin,Arkansas,USA
Humphrey,Arkansas,USA
Austin,Arkansas,USA
Piney,Arkansas,USA
Gassville,Arkansas,USA
Caulksville,Arkansas,USA
Palestine,Arkansas,USA
Perryville,Arkansas,USA
Georgetown,Arkansas,USA
Rockwell,Arkansas,USA
Ratcliff,Arkansas,USA
Holland,Arkansas,USA
Leslie,Arkansas,USA
Tupelo,Arkansas,USA
Wilmot,Arkansas,USA
Prairie Grove,Arkansas,USA
Bonanza,Arkansas,USA
Cushman,Arkansas,USA
Hazen,Arkansas,USA
Mitchellville,Arkansas,USA
Perla,Arkansas,USA
Hector,Arkansas,USA
Colt,Arkansas,USA
Hope,Arkansas,USA
Marvell,Arkansas,USA
Higginson,Arkansas,USA
Arkansas City,Arkansas,USA
Delaplaine,Arkansas,USA
Guion,Arkansas,USA
Emmet,Arkansas,USA
Rison,Arkansas,USA
Kingsland,Arkansas,USA
Calion,Arkansas,USA
Gibson,Arkansas,USA
Lamar,Arkansas,USA
Maynard,Arkansas,USA
Marked Tree,Arkansas,USA
Warren,Arkansas,USA
Keo,Arkansas,USA
Smackover,Arkansas,USA
Pindall,Arkansas,USA
Denning,Arkansas,USA
Highland,Arkansas,USA
Fouke,Arkansas,USA
Gentry,Arkansas,USA
Wabbaseka,Arkansas,USA
Poyen,Arkansas,USA
Midland,Arkansas,USA
Aubrey,Arkansas,USA
Huntsville,Arkansas,USA
Hamburg,Arkansas,USA
Clarkedale,Arkansas,USA
Biggers,Arkansas,USA
Black Oak,Arkansas,USA
Elkins,Arkansas,USA
Morrison Bluff,Arkansas,USA
Letona,Arkansas,USA
Willisville,Arkansas,USA
Sedgwick,Arkansas,USA
Felsenthal,Arkansas,USA
Star City,Arkansas,USA
Prattsville,Arkansas,USA
Winchester,Arkansas,USA
West Crossett,Arkansas,USA
Lincoln,Arkansas,USA
Success,Arkansas,USA
Oil Trough,Arkansas,USA
Clarendon,Arkansas,USA
Conway,Arkansas,USA
Washington,Arkansas,USA
Camden,Arkansas,USA
Ravenden,Arkansas,USA
Amity,Arkansas,USA
Fountain Hill,Arkansas,USA
Ola,Arkansas,USA
Lynn,Arkansas,USA
Twin Groves,Arkansas,USA
Bentonville,Arkansas,USA
Branch,Arkansas,USA
Arkadelphia,Arkansas,USA
Montrose,Arkansas,USA
Elaine,Arkansas,USA
Mammoth Spring,Arkansas,USA
North Westminster,Vermont,USA
Old Bennington,Vermont,USA
Burlington,Vermont,USA
North Springfield,Vermont,USA
Newport Center,Vermont,USA
Vergennes,Vermont,USA
Derby Line,Vermont,USA
Websterville,Vermont,USA
West Burke,Vermont,USA
South Burlington,Vermont,USA
Poultney,Vermont,USA
Johnson,Vermont,USA
Wilder,Vermont,USA
North Troy,Vermont,USA
Ascutney,Vermont,USA
Barton,Vermont,USA
Newport,Vermont,USA
Rutland,Vermont,USA
Jacksonville,Vermont,USA
East Burke,Vermont,USA
South Royalton,Vermont,USA
Morrisville,Vermont,USA
Perkinsville,Vermont,USA
Derby Center,Vermont,USA
Enosburg Falls,Vermont,USA
Graniteville,Vermont,USA
North Bennington,Vermont,USA
West Brattleboro,Vermont,USA
Newfane,Vermont,USA
Manchester,Vermont,USA
Manchester Center,Vermont,USA
Orleans,Vermont,USA
Jeffersonville,Vermont,USA
Marshfield,Vermont,USA
Essex Junction,Vermont,USA
Wells River,Vermont,USA
Bellows Falls,Vermont,USA
St. Albans,Vermont,USA
Hyde Park,Vermont,USA
Swanton,Vermont,USA
Jericho,Vermont,USA
North Hartland,Vermont,USA
Barre,Vermont,USA
Newbury,Vermont,USA
Waterbury,Vermont,USA
Proctorsville,Vermont,USA
Greensboro Bend,Vermont,USA
Albany,Vermont,USA
South Barre,Vermont,USA
White River Junction,Vermont,USA
Saxtons River,Vermont,USA
Quechee,Vermont,USA
Woodstock,Vermont,USA
South Shaftsbury,Vermont,USA
East Barre,Vermont,USA
Lyndonville,Vermont,USA
Winooski,Vermont,USA
Cambridge,Vermont,USA
Montpelier,Vermont,USA
East Middlebury,Vermont,USA
Ludlow,Vermont,USA
Beecher Falls,Vermont,USA
Westminster,Vermont,USA
Island Pond,Vermont,USA
Trenton,Illinois,USA
Strawn,Illinois,USA
Tilton,Illinois,USA
Bluford,Illinois,USA
Gillespie,Illinois,USA
West York,Illinois,USA
Wenona,Illinois,USA
Paris,Illinois,USA
Mulkeytown,Illinois,USA
St. Peter,Illinois,USA
Cullom,Illinois,USA
Aurora,Illinois,USA
Chrisman,Illinois,USA
Glencoe,Illinois,USA
Twin Grove,Illinois,USA
Mackinaw,Illinois,USA
North Henderson,Illinois,USA
Arlington Heights,Illinois,USA
Olympia Fields,Illinois,USA
Bone Gap,Illinois,USA
Mattoon,Illinois,USA
New Athens,Illinois,USA
Crete,Illinois,USA
Melvin,Illinois,USA
Princeville,Illinois,USA
Panama,Illinois,USA
Liberty,Illinois,USA
Sheffield,Illinois,USA
Hanaford,Illinois,USA
Apple Canyon Lake,Illinois,USA
East Peoria,Illinois,USA
South Pekin,Illinois,USA
Loda,Illinois,USA
Rockton,Illinois,USA
Dongola,Illinois,USA
Bulpitt,Illinois,USA
Cherry Valley,Illinois,USA
Pistakee Highlands,Illinois,USA
Bonfield,Illinois,USA
Round Lake Beach,Illinois,USA
Eddyville,Illinois,USA
Mitchell,Illinois,USA
Summerfield,Illinois,USA
Buckley,Illinois,USA
Exeter,Illinois,USA
Northbrook,Illinois,USA
Moweaqua,Illinois,USA
Highwood,Illinois,USA
Nora,Illinois,USA
Delavan,Illinois,USA
Buncombe,Illinois,USA
Odell,Illinois,USA
Robbins,Illinois,USA
Berlin,Illinois,USA
Willowbrook,Illinois,USA
Streator,Illinois,USA
Waterloo,Illinois,USA
Rockford,Illinois,USA
Belknap,Illinois,USA
Flora,Illinois,USA
Norwood,Illinois,USA
Wauconda,Illinois,USA
Rio,Illinois,USA
Centralia,Illinois,USA
Worth,Illinois,USA
Henry,Illinois,USA
Channahon,Illinois,USA
Freeman Spur,Illinois,USA
Waverly,Illinois,USA
Danvers,Illinois,USA
Manteno,Illinois,USA
Orion,Illinois,USA
Amboy,Illinois,USA
Belle Rive,Illinois,USA
Oak Lawn,Illinois,USA
Lincolnshire,Illinois,USA
Rose Hill,Illinois,USA
Big Rock,Illinois,USA
Louisville,Illinois,USA
Granville,Illinois,USA
Winslow,Illinois,USA
Hillsboro,Illinois,USA
Raleigh,Illinois,USA
Elizabeth,Illinois,USA
Walshville,Illinois,USA
La Rose,Illinois,USA
Nauvoo,Illinois,USA
Nokomis,Illinois,USA
Norris City,Illinois,USA
Alorton,Illinois,USA
Round Lake Heights,Illinois,USA
Toluca,Illinois,USA
Northfield,Illinois,USA
West Frankfort,Illinois,USA
Modesto,Illinois,USA
Fidelity,Illinois,USA
East Alton,Illinois,USA
Bingham,Illinois,USA
West Union,Illinois,USA
Downs,Illinois,USA
Rantoul,Illinois,USA
Loraine,Illinois,USA
Alexis,Illinois,USA
Concord,Illinois,USA
Forest Lake,Illinois,USA
Fairmont,Illinois,USA
Elwood,Illinois,USA
Galena,Illinois,USA
Burnham,Illinois,USA
New Berlin,Illinois,USA
Le Roy,Illinois,USA
Urbana,Illinois,USA
Onarga,Illinois,USA
Danforth,Illinois,USA
Mason,Illinois,USA
Wapella,Illinois,USA
Smithfield,Illinois,USA
North Aurora,Illinois,USA
Standard,Illinois,USA
Hinsdale,Illinois,USA
Saunemin,Illinois,USA
Pearl City,Illinois,USA
Lyndon,Illinois,USA
Country Club Hills,Illinois,USA
Hickory Hills,Illinois,USA
Bement,Illinois,USA
Steward,Illinois,USA
Valmeyer,Illinois,USA
St. Anne,Illinois,USA
Earlville,Illinois,USA
Carlyle,Illinois,USA
Hettick,Illinois,USA
Leaf River,Illinois,USA
Danville,Illinois,USA
Geneva,Illinois,USA
Donnellson,Illinois,USA
Albers,Illinois,USA
Villa Park,Illinois,USA
St. Johns,Illinois,USA
Candlewick Lake,Illinois,USA
Coal Valley,Illinois,USA
Iuka,Illinois,USA
Princeton,Illinois,USA
Bethany,Illinois,USA
Long Lake,Illinois,USA
Wheaton,Illinois,USA
Burnt Prairie,Illinois,USA
Bartonville,Illinois,USA
Willow Hill,Illinois,USA
Thornton,Illinois,USA
Belvidere,Illinois,USA
Hammond,Illinois,USA
Victoria,Illinois,USA
Piper City,Illinois,USA
Bradford,Illinois,USA
Lincolnwood,Illinois,USA
Glendale Heights,Illinois,USA
Dover,Illinois,USA
Buffalo Grove,Illinois,USA
Bonnie,Illinois,USA
Granite City,Illinois,USA
Rushville,Illinois,USA
Dupo,Illinois,USA
Spillertown,Illinois,USA
Elburn,Illinois,USA
Red Bud,Illinois,USA
Bellflower,Illinois,USA
Bush,Illinois,USA
Greenwood,Illinois,USA
Macon,Illinois,USA
Deerfield,Illinois,USA
Champaign,Illinois,USA
Watson,Illinois,USA
Christopher,Illinois,USA
Cantrall,Illinois,USA
Tamms,Illinois,USA
Aviston,Illinois,USA
Long Grove,Illinois,USA
Lindenhurst,Illinois,USA
Franklin Park,Illinois,USA
Clay City,Illinois,USA
North Chicago,Illinois,USA
Rockdale,Illinois,USA
Heyworth,Illinois,USA
Winfield,Illinois,USA
Glasgow,Illinois,USA
Lakemoor,Illinois,USA
Vernon,Illinois,USA
Harvard,Illinois,USA
New Burnside,Illinois,USA
Bunker Hill,Illinois,USA
Third Lake,Illinois,USA
Caledonia,Illinois,USA
Flat Rock,Illinois,USA
Waterman,Illinois,USA
Niantic,Illinois,USA
West Dundee,Illinois,USA
Compton,Illinois,USA
Hillsdale,Illinois,USA
Macedonia,Illinois,USA
Cornell,Illinois,USA
Elk Grove Village,Illinois,USA
Fillmore,Illinois,USA
Buckner,Illinois,USA
Sullivan,Illinois,USA
Royal,Illinois,USA
Yorkville,Illinois,USA
Woodlawn,Illinois,USA
Woodstock,Illinois,USA
Owaneco,Illinois,USA
Naperville,Illinois,USA
Johnsonville,Illinois,USA
Union,Illinois,USA
Rockbridge,Illinois,USA
Coal City,Illinois,USA
Ivesdale,Illinois,USA
Junction City,Illinois,USA
Hanna City,Illinois,USA
Du Bois,Illinois,USA
Ludlow,Illinois,USA
Oak Brook,Illinois,USA
Irving,Illinois,USA
St. Rose,Illinois,USA
North Riverside,Illinois,USA
Camp Point,Illinois,USA
Sheridan,Illinois,USA
Maryville,Illinois,USA
Benld,Illinois,USA
Westervelt,Illinois,USA
Mundelein,Illinois,USA
Medora,Illinois,USA
Anchor,Illinois,USA
Savanna,Illinois,USA
Papineau,Illinois,USA
Oswego,Illinois,USA
Shabbona,Illinois,USA
Mount Clare,Illinois,USA
Pierron,Illinois,USA
Elliott,Illinois,USA
Warsaw,Illinois,USA
Mount Carroll,Illinois,USA
Melrose Park,Illinois,USA
Palos Heights,Illinois,USA
Pontiac,Illinois,USA
Tinley Park,Illinois,USA
Greenview,Illinois,USA
Vermont,Illinois,USA
Edinburg,Illinois,USA
Cahokia,Illinois,USA
El Paso,Illinois,USA
Rome,Illinois,USA
Merrionette Park,Illinois,USA
Riverdale,Illinois,USA
Lake Barrington,Illinois,USA
McLean,Illinois,USA
Golden,Illinois,USA
Marquette Heights,Illinois,USA
Newton,Illinois,USA
Kampsville,Illinois,USA
Kell,Illinois,USA
Cherry,Illinois,USA
Evanston,Illinois,USA
Altamont,Illinois,USA
Cortland,Illinois,USA
Oakdale,Illinois,USA
Posen,Illinois,USA
Mounds,Illinois,USA
Creve Coeur,Illinois,USA
Beecher,Illinois,USA
McCullom Lake,Illinois,USA
South Wilmington,Illinois,USA
Iroquois,Illinois,USA
Peotone,Illinois,USA
Blue Mound,Illinois,USA
Addieville,Illinois,USA
Chenoa,Illinois,USA
Indianola,Illinois,USA
New Haven,Illinois,USA
Verona,Illinois,USA
Marseilles,Illinois,USA
Columbus,Illinois,USA
Herrin,Illinois,USA
Wood River,Illinois,USA
Lynnville,Illinois,USA
Rentchler,Illinois,USA
Paw Paw,Illinois,USA
Burbank,Illinois,USA
St. Jacob,Illinois,USA
Marshall,Illinois,USA
Bath,Illinois,USA
South Roxana,Illinois,USA
Vergennes,Illinois,USA
Broadwell,Illinois,USA
Virgil,Illinois,USA
Monroe Center,Illinois,USA
Crestwood,Illinois,USA
Bloomington,Illinois,USA
Smithboro,Illinois,USA
Farina,Illinois,USA
Lakewood Shores,Illinois,USA
Buckingham,Illinois,USA
Weldon,Illinois,USA
Maywood,Illinois,USA
Chemung,Illinois,USA
Shipman,Illinois,USA
Tampico,Illinois,USA
Troy Grove,Illinois,USA
Waynesville,Illinois,USA
Plymouth,Illinois,USA
Sparland,Illinois,USA
Bull Valley,Illinois,USA
Rosiclare,Illinois,USA
Sidell,Illinois,USA
Highland Park,Illinois,USA
Seneca,Illinois,USA
Roseville,Illinois,USA
Hillview,Illinois,USA
Trout Valley,Illinois,USA
Altona,Illinois,USA
Clarendon Hills,Illinois,USA
Hopkins Park,Illinois,USA
Calumet City,Illinois,USA
San Jose,Illinois,USA
Cambria,Illinois,USA
Biggsville,Illinois,USA
Ogden,Illinois,USA
Oakwood Hills,Illinois,USA
Ottawa,Illinois,USA
Deer Creek,Illinois,USA
Time,Illinois,USA
Carlock,Illinois,USA
Schiller Park,Illinois,USA
Murrayville,Illinois,USA
Oglesby,Illinois,USA
Sailor Springs,Illinois,USA
Channel Lake,Illinois,USA
Vermilion,Illinois,USA
Marion,Illinois,USA
Roanoke,Illinois,USA
Venice,Illinois,USA
Marissa,Illinois,USA
Fults,Illinois,USA
Eagarville,Illinois,USA
Burlington,Illinois,USA
Mendon,Illinois,USA
London Mills,Illinois,USA
Hume,Illinois,USA
Cisne,Illinois,USA
Bluffs,Illinois,USA
Saybrook,Illinois,USA
Lake Forest,Illinois,USA
River Grove,Illinois,USA
Pesotum,Illinois,USA
Dixmoor,Illinois,USA
Payson,Illinois,USA
Dix,Illinois,USA
Warrensburg,Illinois,USA
Galva,Illinois,USA
Yale,Illinois,USA
Alsey,Illinois,USA
Beason,Illinois,USA
Villa Grove,Illinois,USA
Lacon,Illinois,USA
Prospect Heights,Illinois,USA
Allenville,Illinois,USA
Tremont,Illinois,USA
Easton,Illinois,USA
Benson,Illinois,USA
Rosemont,Illinois,USA
Edwardsville,Illinois,USA
Franklin,Illinois,USA
Paxton,Illinois,USA
Chesterfield,Illinois,USA
Williamsfield,Illinois,USA
Sorento,Illinois,USA
Fairmount,Illinois,USA
Stockton,Illinois,USA
Elmwood Park,Illinois,USA
Mascoutah,Illinois,USA
Northlake,Illinois,USA
Chapin,Illinois,USA
Athens,Illinois,USA
Decatur,Illinois,USA
Breese,Illinois,USA
Goodfield,Illinois,USA
Peru,Illinois,USA
Milford,Illinois,USA
Lake in the Hills,Illinois,USA
Oregon,Illinois,USA
Casey,Illinois,USA
Farmer City,Illinois,USA
Mansfield,Illinois,USA
Reddick,Illinois,USA
McCook,Illinois,USA
Andalusia,Illinois,USA
Markham,Illinois,USA
Roscoe,Illinois,USA
Radom,Illinois,USA
Gladstone,Illinois,USA
Fulton,Illinois,USA
Lanark,Illinois,USA
Longview,Illinois,USA
East Dubuque,Illinois,USA
Savoy,Illinois,USA
Sidney,Illinois,USA
Coyne Center,Illinois,USA
Chillicothe,Illinois,USA
Springfield,Illinois,USA
Sammons Point,Illinois,USA
Marengo,Illinois,USA
Penfield,Illinois,USA
Zeigler,Illinois,USA
Knollwood,Illinois,USA
Tamaroa,Illinois,USA
Harmon,Illinois,USA
East Gillespie,Illinois,USA
Carrier Mills,Illinois,USA
Irwin,Illinois,USA
Sesser,Illinois,USA
Sumner,Illinois,USA
Fox River Grove,Illinois,USA
Green Valley,Illinois,USA
Whiteash,Illinois,USA
Hoyleton,Illinois,USA
Colp,Illinois,USA
Mulberry Grove,Illinois,USA
Elvaston,Illinois,USA
Oquawka,Illinois,USA
Beaverville,Illinois,USA
Springerton,Illinois,USA
Spring Grove,Illinois,USA
Steger,Illinois,USA
Forest City,Illinois,USA
Nilwood,Illinois,USA
Deer Grove,Illinois,USA
Bridgeview,Illinois,USA
Hamilton,Illinois,USA
Spring Bay,Illinois,USA
Equality,Illinois,USA
Brownstown,Illinois,USA
Woodhull,Illinois,USA
Chebanse,Illinois,USA
Cairo,Illinois,USA
Kane,Illinois,USA
Bradley,Illinois,USA
Valier,Illinois,USA
Shelbyville,Illinois,USA
Kenilworth,Illinois,USA
Maple Park,Illinois,USA
Flossmoor,Illinois,USA
Vernon Hills,Illinois,USA
Kilbourne,Illinois,USA
Winnebago,Illinois,USA
Cary,Illinois,USA
Hull,Illinois,USA
Bolingbrook,Illinois,USA
Marine,Illinois,USA
Dallas City,Illinois,USA
Hamel,Illinois,USA
Arrowsmith,Illinois,USA
Livingston,Illinois,USA
Charleston,Illinois,USA
Lake Zurich,Illinois,USA
Lyons,Illinois,USA
Patoka,Illinois,USA
Bishop Hill,Illinois,USA
Metamora,Illinois,USA
Central City,Illinois,USA
Hodgkins,Illinois,USA
Towanda,Illinois,USA
Wonder Lake,Illinois,USA
Murphysboro,Illinois,USA
Lovington,Illinois,USA
Shawneetown,Illinois,USA
Muncie,Illinois,USA
Brookport,Illinois,USA
Lostant,Illinois,USA
Godley,Illinois,USA
Elkhart,Illinois,USA
Scottville,Illinois,USA
Sandoval,Illinois,USA
Hartford,Illinois,USA
Minonk,Illinois,USA
Standard City,Illinois,USA
Milton,Illinois,USA
Waggoner,Illinois,USA
Barrington,Illinois,USA
Browning,Illinois,USA
Banner,Illinois,USA
Emington,Illinois,USA
Effingham,Illinois,USA
Ellisville,Illinois,USA
Brimfield,Illinois,USA
Nebo,Illinois,USA
Middletown,Illinois,USA
Malta,Illinois,USA
Canton,Illinois,USA
Spring Valley,Illinois,USA
Gulf Port,Illinois,USA
Normal,Illinois,USA
Mendota,Illinois,USA
Sherman,Illinois,USA
Fox Lake,Illinois,USA
Rankin,Illinois,USA
Steeleville,Illinois,USA
Glen Ellyn,Illinois,USA
Long Creek,Illinois,USA
Riverwoods,Illinois,USA
Floraville,Illinois,USA
Madison,Illinois,USA
Percy,Illinois,USA
Troy,Illinois,USA
Fithian,Illinois,USA
Opdyke,Illinois,USA
Tower Lakes,Illinois,USA
Neoga,Illinois,USA
Lansing,Illinois,USA
Mound City,Illinois,USA
Bourbonnais,Illinois,USA
Fairview,Illinois,USA
New Lenox,Illinois,USA
Rolling Meadows,Illinois,USA
Foosland,Illinois,USA
Harvel,Illinois,USA
Cedar Point,Illinois,USA
Pana,Illinois,USA
Varna,Illinois,USA
Wood Dale,Illinois,USA
Wenonah,Illinois,USA
Davis Junction,Illinois,USA
Tallula,Illinois,USA
Hennepin,Illinois,USA
Mill Creek,Illinois,USA
Forest View,Illinois,USA
Harvey,Illinois,USA
Knoxville,Illinois,USA
Herscher,Illinois,USA
Gilson,Illinois,USA
Forest Park,Illinois,USA
Clayton,Illinois,USA
Marietta,Illinois,USA
Griggsville,Illinois,USA
Como,Illinois,USA
Harristown,Illinois,USA
New Bedford,Illinois,USA
Hopewell,Illinois,USA
Holiday Hills,Illinois,USA
Ohlman,Illinois,USA
Libertyville,Illinois,USA
Colona,Illinois,USA
Iola,Illinois,USA
Polo,Illinois,USA
Cornland,Illinois,USA
Olivet,Illinois,USA
Barry,Illinois,USA
Mark,Illinois,USA
Lisle,Illinois,USA
Langleyville,Illinois,USA
Ellis Grove,Illinois,USA
Broadlands,Illinois,USA
Kappa,Illinois,USA
Washington,Illinois,USA
Ringwood,Illinois,USA
South Chicago Heights,Illinois,USA
La Fayette,Illinois,USA
Palos Hills,Illinois,USA
Elgin,Illinois,USA
Kincaid,Illinois,USA
Crab Orchard,Illinois,USA
Russellville,Illinois,USA
Oakwood,Illinois,USA
Media,Illinois,USA
Annapolis,Illinois,USA
Alsip,Illinois,USA
Sterling,Illinois,USA
Noble,Illinois,USA
Crest Hill,Illinois,USA
Du Quoin,Illinois,USA
Lake Summerset,Illinois,USA
Paderborn,Illinois,USA
Wellington,Illinois,USA
Eureka,Illinois,USA
Limestone,Illinois,USA
Scott AFB,Illinois,USA
Round Lake Park,Illinois,USA
Monee,Illinois,USA
Harrison,Illinois,USA
Somonauk,Illinois,USA
Milledgeville,Illinois,USA
Baldwin,Illinois,USA
Darien,Illinois,USA
Sheldon,Illinois,USA
Ford Heights,Illinois,USA
Hecker,Illinois,USA
Barrington Hills,Illinois,USA
Mount Zion,Illinois,USA
East St. Louis,Illinois,USA
Ladd,Illinois,USA
East Cape Girardeau,Illinois,USA
Zion,Illinois,USA
Virginia,Illinois,USA
New Holland,Illinois,USA
Mount Erie,Illinois,USA
Carrollton,Illinois,USA
Chandlerville,Illinois,USA
Karnak,Illinois,USA
Mapleton,Illinois,USA
Kenney,Illinois,USA
Maunie,Illinois,USA
Ridott,Illinois,USA
Apple River,Illinois,USA
Cisco,Illinois,USA
Pittsburg,Illinois,USA
Teutopolis,Illinois,USA
Curran,Illinois,USA
Lebanon,Illinois,USA
Glenwood,Illinois,USA
Detroit,Illinois,USA
Lockport,Illinois,USA
Bellevue,Illinois,USA
Colfax,Illinois,USA
Stone Park,Illinois,USA
Phoenix,Illinois,USA
Jeisyville,Illinois,USA
Henderson,Illinois,USA
New Douglas,Illinois,USA
Prestbury,Illinois,USA
Boulder Hill,Illinois,USA
Kirkland,Illinois,USA
Metropolis,Illinois,USA
Beardstown,Illinois,USA
Golden Gate,Illinois,USA
Ridgway,Illinois,USA
Basco,Illinois,USA
Brighton,Illinois,USA
New Grand Chain,Illinois,USA
Industry,Illinois,USA
Topeka,Illinois,USA
New Minden,Illinois,USA
Cambridge,Illinois,USA
Essex,Illinois,USA
Hidalgo,Illinois,USA
Port Byron,Illinois,USA
Royalton,Illinois,USA
Ferris,Illinois,USA
Buda,Illinois,USA
Henning,Illinois,USA
Ashmore,Illinois,USA
Pawnee,Illinois,USA
Morrison,Illinois,USA
Witt,Illinois,USA
Hanover,Illinois,USA
New Boston,Illinois,USA
Kinderhook,Illinois,USA
Ewing,Illinois,USA
Tiskilwa,Illinois,USA
Sleepy Hollow,Illinois,USA
Grantfork,Illinois,USA
Stanford,Illinois,USA
Milan,Illinois,USA
Kinsman,Illinois,USA
Abingdon,Illinois,USA
Collinsville,Illinois,USA
Lake Petersburg,Illinois,USA
Salem,Illinois,USA
Lake Holiday,Illinois,USA
Sauk Village,Illinois,USA
Jerseyville,Illinois,USA
Heritage Lake,Illinois,USA
Wayne City,Illinois,USA
Virden,Illinois,USA
St. Augustine,Illinois,USA
McLeansboro,Illinois,USA
Eldred,Illinois,USA
Havana,Illinois,USA
South Holland,Illinois,USA
Nelson,Illinois,USA
Boody,Illinois,USA
Glenview,Illinois,USA
Sadorus,Illinois,USA
Lake Ka-Ho,Illinois,USA
Jerome,Illinois,USA
Rock Island Arsenal,Illinois,USA
Hollowayville,Illinois,USA
Bismarck,Illinois,USA
Farmington,Illinois,USA
Wyoming,Illinois,USA
Ashkum,Illinois,USA
Lakewood,Illinois,USA
De Land,Illinois,USA
Cowden,Illinois,USA
Alma,Illinois,USA
Worden,Illinois,USA
Bridgeport,Illinois,USA
Sciota,Illinois,USA
Fieldon,Illinois,USA
Donovan,Illinois,USA
Tolono,Illinois,USA
Pinckneyville,Illinois,USA
Prophetstown,Illinois,USA
Oreana,Illinois,USA
Lynwood,Illinois,USA
Makanda,Illinois,USA
McNabb,Illinois,USA
Batchtown,Illinois,USA
Magnolia,Illinois,USA
East Galesburg,Illinois,USA
Greenville,Illinois,USA
Cobden,Illinois,USA
Richton Park,Illinois,USA
Thawville,Illinois,USA
Berkeley,Illinois,USA
Braceville,Illinois,USA
El Dara,Illinois,USA
Dowell,Illinois,USA
Raritan,Illinois,USA
Seatonville,Illinois,USA
Southern View,Illinois,USA
Blandinsville,Illinois,USA
Irvington,Illinois,USA
O'Fallon,Illinois,USA
Florence,Illinois,USA
Good Hope,Illinois,USA
Johnsburg,Illinois,USA
Maroa,Illinois,USA
Hindsboro,Illinois,USA
Pearl,Illinois,USA
Petersburg,Illinois,USA
Chestnut,Illinois,USA
Carol Stream,Illinois,USA
Diamond,Illinois,USA
St. Charles,Illinois,USA
Inverness,Illinois,USA
Hoffman,Illinois,USA
Macomb,Illinois,USA
Orland Hills,Illinois,USA
Lemont,Illinois,USA
Thebes,Illinois,USA
Thomasboro,Illinois,USA
White Heath,Illinois,USA
Blue Island,Illinois,USA
Robinson,Illinois,USA
Morton Grove,Illinois,USA
Belleville,Illinois,USA
Browns,Illinois,USA
Dalzell,Illinois,USA
Elsah,Illinois,USA
Sandwich,Illinois,USA
Warrenville,Illinois,USA
Countryside,Illinois,USA
Downers Grove,Illinois,USA
Plano,Illinois,USA
Kempton,Illinois,USA
Oak Forest,Illinois,USA
North Pekin,Illinois,USA
Woodland,Illinois,USA
Auburn,Illinois,USA
Wyanet,Illinois,USA
Wheeling,Illinois,USA
Thomson,Illinois,USA
Menominee,Illinois,USA
Oak Grove,Illinois,USA
Olmsted,Illinois,USA
West City,Illinois,USA
Humboldt,Illinois,USA
Hinckley,Illinois,USA
St. Francisville,Illinois,USA
Odin,Illinois,USA
Chicago,Illinois,USA
Pleasant Plains,Illinois,USA
La Moille,Illinois,USA
Minooka,Illinois,USA
White City,Illinois,USA
Rutland,Illinois,USA
Genoa,Illinois,USA
Darmstadt,Illinois,USA
Energy,Illinois,USA
Gilberts,Illinois,USA
Gifford,Illinois,USA
Crainville,Illinois,USA
Hazel Crest,Illinois,USA
Orient,Illinois,USA
West Point,Illinois,USA
Perry,Illinois,USA
Quincy,Illinois,USA
Sauget,Illinois,USA
Broadview,Illinois,USA
Greenup,Illinois,USA
Matherville,Illinois,USA
St. Elmo,Illinois,USA
Fairview Heights,Illinois,USA
Antioch,Illinois,USA
Grand Tower,Illinois,USA
Meredosia,Illinois,USA
Peoria Heights,Illinois,USA
Grandwood Park,Illinois,USA
Kaskaskia,Illinois,USA
Tovey,Illinois,USA
Stewardson,Illinois,USA
Hebron,Illinois,USA
Creal Springs,Illinois,USA
Crossville,Illinois,USA
Arlington,Illinois,USA
Assumption,Illinois,USA
Yates City,Illinois,USA
Bowen,Illinois,USA
Willow Springs,Illinois,USA
Grand Detour,Illinois,USA
Green Oaks,Illinois,USA
Table Grove,Illinois,USA
Port Barrington,Illinois,USA
Kangley,Illinois,USA
East Hazel Crest,Illinois,USA
Venedy,Illinois,USA
Dana,Illinois,USA
Golconda,Illinois,USA
Campbell Hill,Illinois,USA
Bethalto,Illinois,USA
Flanagan,Illinois,USA
Johnston City,Illinois,USA
Fairbury,Illinois,USA
Wamac,Illinois,USA
Coalton,Illinois,USA
Rochester,Illinois,USA
Lerna,Illinois,USA
Cooksville,Illinois,USA
Rapids City,Illinois,USA
Dayton,Illinois,USA
Mount Morris,Illinois,USA
Brooklyn,Illinois,USA
Alpha,Illinois,USA
Pingree Grove,Illinois,USA
Omaha,Illinois,USA
Norris,Illinois,USA
Huntley,Illinois,USA
Pekin,Illinois,USA
Chester,Illinois,USA
Golf,Illinois,USA
Hillside,Illinois,USA
Annawan,Illinois,USA
Ridge Farm,Illinois,USA
Roselle,Illinois,USA
Justice,Illinois,USA
Wayne,Illinois,USA
Lake Catherine,Illinois,USA
Lombard,Illinois,USA
Washington Park,Illinois,USA
Gibson City,Illinois,USA
Camargo,Illinois,USA
Stronghurst,Illinois,USA
McHenry,Illinois,USA
Emden,Illinois,USA
Hardin,Illinois,USA
Goofy Ridge,Illinois,USA
Roxana,Illinois,USA
Bondville,Illinois,USA
Lost Nation,Illinois,USA
Sycamore,Illinois,USA
Byron,Illinois,USA
Dakota,Illinois,USA
Westville,Illinois,USA
Lisbon,Illinois,USA
Thayer,Illinois,USA
Prairie Grove,Illinois,USA
Valley City,Illinois,USA
Symerton,Illinois,USA
Elkville,Illinois,USA
Argenta,Illinois,USA
Swansea,Illinois,USA
Wilmette,Illinois,USA
Nashville,Illinois,USA
Dunfermline,Illinois,USA
Broughton,Illinois,USA
Machesney Park,Illinois,USA
Chatsworth,Illinois,USA
Kankakee,Illinois,USA
Algonquin,Illinois,USA
Malden,Illinois,USA
Forsyth,Illinois,USA
Homer Glen,Illinois,USA
Prairie City,Illinois,USA
Mokena,Illinois,USA
Panola,Illinois,USA
Tennessee,Illinois,USA
Bellwood,Illinois,USA
Mettawa,Illinois,USA
Shorewood,Illinois,USA
Dorchester,Illinois,USA
Pittsfield,Illinois,USA
Niles,Illinois,USA
Wheeler,Illinois,USA
Tower Hill,Illinois,USA
Martinsville,Illinois,USA
Hainesville,Illinois,USA
Leland,Illinois,USA
East Brooklyn,Illinois,USA
Calumet Park,Illinois,USA
Holiday Shores,Illinois,USA
Kingston Mines,Illinois,USA
Oakford,Illinois,USA
Beach Park,Illinois,USA
Lomax,Illinois,USA
South Jacksonville,Illinois,USA
Albany,Illinois,USA
Dieterich,Illinois,USA
Keyesport,Illinois,USA
Viola,Illinois,USA
Carbondale,Illinois,USA
Watseka,Illinois,USA
Monticello,Illinois,USA
Bartlett,Illinois,USA
La Grange Park,Illinois,USA
Brussels,Illinois,USA
Chicago Heights,Illinois,USA
Chicago Ridge,Illinois,USA
Indian Creek,Illinois,USA
Sims,Illinois,USA
Dolton,Illinois,USA
Kinmundy,Illinois,USA
Strasburg,Illinois,USA
Forrest,Illinois,USA
Elizabethtown,Illinois,USA
Sparta,Illinois,USA
Toulon,Illinois,USA
Stillman Valley,Illinois,USA
Plainfield,Illinois,USA
Dixon,Illinois,USA
Huey,Illinois,USA
Phillipstown,Illinois,USA
Jonesboro,Illinois,USA
Jacksonville,Illinois,USA
Coulterville,Illinois,USA
Arthur,Illinois,USA
Olney,Illinois,USA
Girard,Illinois,USA
Cabery,Illinois,USA
Ste. Marie,Illinois,USA
Moline,Illinois,USA
Wataga,Illinois,USA
Hawthorn Woods,Illinois,USA
Olive Branch,Illinois,USA
Union Hill,Illinois,USA
Newark,Illinois,USA
Preston Heights,Illinois,USA
Brookfield,Illinois,USA
Anna,Illinois,USA
Palmer,Illinois,USA
Allendale,Illinois,USA
Mount Carmel,Illinois,USA
Norridge,Illinois,USA
Lake Bluff,Illinois,USA
Crescent City,Illinois,USA
Dwight,Illinois,USA
Clinton,Illinois,USA
Greenfield,Illinois,USA
Franklin Grove,Illinois,USA
Hometown,Illinois,USA
West Peoria,Illinois,USA
Fairfield,Illinois,USA
Smithton,Illinois,USA
Coatsburg,Illinois,USA
Vienna,Illinois,USA
La Grange,Illinois,USA
Fairmont City,Illinois,USA
Metcalf,Illinois,USA
River Forest,Illinois,USA
Hoffman Estates,Illinois,USA
Old Shawneetown,Illinois,USA
McClure,Illinois,USA
Lewistown,Illinois,USA
Mineral,Illinois,USA
Adair,Illinois,USA
Riverton,Illinois,USA
Brocton,Illinois,USA
LaPlace,Illinois,USA
Hurst,Illinois,USA
Morrisonville,Illinois,USA
Matteson,Illinois,USA
Venetian Village,Illinois,USA
Cleveland,Illinois,USA
Armington,Illinois,USA
Cedarville,Illinois,USA
Schram City,Illinois,USA
Mount Auburn,Illinois,USA
Garden Prairie,Illinois,USA
Lake of the Woods,Illinois,USA
Carbon Hill,Illinois,USA
Woodridge,Illinois,USA
Manhattan,Illinois,USA
Lena,Illinois,USA
Monmouth,Illinois,USA
Kansas,Illinois,USA
Waukegan,Illinois,USA
Fisher,Illinois,USA
New Salem,Illinois,USA
Manito,Illinois,USA
Shumway,Illinois,USA
Freeburg,Illinois,USA
Westmont,Illinois,USA
East Dundee,Illinois,USA
Summit,Illinois,USA
Ashton,Illinois,USA
Fayetteville,Illinois,USA
Cerro Gordo,Illinois,USA
Buffalo,Illinois,USA
Garrett,Illinois,USA
Albion,Illinois,USA
Hampton,Illinois,USA
Mount Sterling,Illinois,USA
Alvan,Illinois,USA
Baylis,Illinois,USA
East Moline,Illinois,USA
Bannockburn,Illinois,USA
Nason,Illinois,USA
De Pue,Illinois,USA
Staunton,Illinois,USA
University Park,Illinois,USA
Otterville,Illinois,USA
Roodhouse,Illinois,USA
Dunlap,Illinois,USA
Dahlgren,Illinois,USA
Bryant,Illinois,USA
Bardolph,Illinois,USA
Momence,Illinois,USA
West Salem,Illinois,USA
Sherrard,Illinois,USA
Bloomingdale,Illinois,USA
Rock City,Illinois,USA
Millstadt,Illinois,USA
Carthage,Illinois,USA
Farmersville,Illinois,USA
Richmond,Illinois,USA
Plainville,Illinois,USA
South Barrington,Illinois,USA
East Carondelet,Illinois,USA
Lily Lake,Illinois,USA
Ursa,Illinois,USA
Cordova,Illinois,USA
Lee,Illinois,USA
La Prairie,Illinois,USA
Pontoon Beach,Illinois,USA
Alhambra,Illinois,USA
Joppa,Illinois,USA
Ramsey,Illinois,USA
Manlius,Illinois,USA
Okawville,Illinois,USA
Litchfield,Illinois,USA
Orland Park,Illinois,USA
Jeffersonville,Illinois,USA
Ashland,Illinois,USA
De Soto,Illinois,USA
Volo,Illinois,USA
Mazon,Illinois,USA
Lima,Illinois,USA
Coleta,Illinois,USA
Hudson,Illinois,USA
Butler,Illinois,USA
Midlothian,Illinois,USA
Edgewood,Illinois,USA
Bellmont,Illinois,USA
Astoria,Illinois,USA
Pontoosuc,Illinois,USA
Oak Run,Illinois,USA
Pocahontas,Illinois,USA
Palmyra,Illinois,USA
Maquon,Illinois,USA
DeKalb,Illinois,USA
Reynolds,Illinois,USA
Stoy,Illinois,USA
Sublette,Illinois,USA
Hanover Park,Illinois,USA
Bushnell,Illinois,USA
Tonica,Illinois,USA
Hampshire,Illinois,USA
Forreston,Illinois,USA
Secor,Illinois,USA
Capron,Illinois,USA
Mount Vernon,Illinois,USA
Seaton,Illinois,USA
Hoopeston,Illinois,USA
Gardner,Illinois,USA
Spaulding,Illinois,USA
Old Ripley,Illinois,USA
Western Springs,Illinois,USA
Sigel,Illinois,USA
Campton Hills,Illinois,USA
Divernon,Illinois,USA
Beecher City,Illinois,USA
Martinton,Illinois,USA
Naplate,Illinois,USA
Gages Lake,Illinois,USA
Bensenville,Illinois,USA
Warren,Illinois,USA
La Harpe,Illinois,USA
Lake Villa,Illinois,USA
Berwyn,Illinois,USA
Woodson,Illinois,USA
Walnut,Illinois,USA
Deer Park,Illinois,USA
West Brooklyn,Illinois,USA
Streamwood,Illinois,USA
Junction,Illinois,USA
St. Libory,Illinois,USA
Aroma Park,Illinois,USA
Newman,Illinois,USA
Harrisburg,Illinois,USA
Colchester,Illinois,USA
Wilsonville,Illinois,USA
Dalton City,Illinois,USA
Morris,Illinois,USA
Latham,Illinois,USA
Bentley,Illinois,USA
Goreville,Illinois,USA
Lexington,Illinois,USA
Taylorville,Illinois,USA
Park City,Illinois,USA
Tuscola,Illinois,USA
Morton,Illinois,USA
Elmwood,Illinois,USA
Shannon,Illinois,USA
Waltonville,Illinois,USA
Burr Ridge,Illinois,USA
Potomac,Illinois,USA
Timberlane,Illinois,USA
Schaumburg,Illinois,USA
Oblong,Illinois,USA
Wadsworth,Illinois,USA
St. David,Illinois,USA
Galatia,Illinois,USA
Chatham,Illinois,USA
Vandalia,Illinois,USA
Tilden,Illinois,USA
Godfrey,Illinois,USA
Creston,Illinois,USA
Taylor Springs,Illinois,USA
Carlinville,Illinois,USA
Mahomet,Illinois,USA
Davis,Illinois,USA
Leonore,Illinois,USA
Loves Park,Illinois,USA
Hartsburg,Illinois,USA
Hillcrest,Illinois,USA
Catlin,Illinois,USA
Cave-In-Rock,Illinois,USA
South Elgin,Illinois,USA
Palestine,Illinois,USA
Cissna Park,Illinois,USA
Evansville,Illinois,USA
Georgetown,Illinois,USA
Oakbrook Terrace,Illinois,USA
Seymour,Illinois,USA
Peoria,Illinois,USA
Redmon,Illinois,USA
Kaneville,Illinois,USA
Oconee,Illinois,USA
Carmi,Illinois,USA
Bartelso,Illinois,USA
Hutsonville,Illinois,USA
Roberts,Illinois,USA
Xenia,Illinois,USA
Gays,Illinois,USA
Thompsonville,Illinois,USA
Richview,Illinois,USA
Ipava,Illinois,USA
Clear Lake,Illinois,USA
Skokie,Illinois,USA
Gurnee,Illinois,USA
Keenes,Illinois,USA
Parkersburg,Illinois,USA
Montgomery,Illinois,USA
Pulaski,Illinois,USA
Carterville,Illinois,USA
Grayslake,Illinois,USA
Allerton,Illinois,USA
Congerville,Illinois,USA
Alton,Illinois,USA
Claremont,Illinois,USA
Pleasant Hill,Illinois,USA
Germantown,Illinois,USA
South Beloit,Illinois,USA
Stonefort,Illinois,USA
Atwood,Illinois,USA
Mount Olive,Illinois,USA
Sun River Terrace,Illinois,USA
Round Lake,Illinois,USA
New Baden,Illinois,USA
Chadwick,Illinois,USA
Orangeville,Illinois,USA
Loami,Illinois,USA
Stickney,Illinois,USA
Crystal Lawns,Illinois,USA
Manchester,Illinois,USA
Itasca,Illinois,USA
Hopedale,Illinois,USA
Winthrop Harbor,Illinois,USA
Gilman,Illinois,USA
Germantown Hills,Illinois,USA
Durand,Illinois,USA
Rossville,Illinois,USA
Cuba,Illinois,USA
Toledo,Illinois,USA
Glasford,Illinois,USA
Littleton,Illinois,USA
Sawyerville,Illinois,USA
Neponset,Illinois,USA
Westchester,Illinois,USA
Keensburg,Illinois,USA
Long Point,Illinois,USA
Glen Carbon,Illinois,USA
Braidwood,Illinois,USA
Cicero,Illinois,USA
Wilmington,Illinois,USA
Ripley,Illinois,USA
Ohio,Illinois,USA
Carpentersville,Illinois,USA
Ingalls Park,Illinois,USA
Rock Island,Illinois,USA
German Valley,Illinois,USA
Benton,Illinois,USA
Andover,Illinois,USA
Island Lake,Illinois,USA
Mechanicsburg,Illinois,USA
Walnut Hill,Illinois,USA
Sibley,Illinois,USA
Frankfort,Illinois,USA
Herrick,Illinois,USA
Homewood,Illinois,USA
Calhoun,Illinois,USA
Park Forest,Illinois,USA
Joy,Illinois,USA
Pecatonica,Illinois,USA
Alto Pass,Illinois,USA
Avon,Illinois,USA
Frankfort Square,Illinois,USA
Des Plaines,Illinois,USA
Beckemeyer,Illinois,USA
Mount Pulaski,Illinois,USA
Highland,Illinois,USA
LaSalle,Illinois,USA
Batavia,Illinois,USA
Kildeer,Illinois,USA
Williamsville,Illinois,USA
Oakland,Illinois,USA
Ellsworth,Illinois,USA
Royal Lakes,Illinois,USA
Ruma,Illinois,USA
Muddy,Illinois,USA
Damiansville,Illinois,USA
Rochelle,Illinois,USA
Keithsburg,Illinois,USA
The Galena Territory,Illinois,USA
Silvis,Illinois,USA
Naples,Illinois,USA
Liverpool,Illinois,USA
Scales Mound,Illinois,USA
Cypress,Illinois,USA
Grand Ridge,Illinois,USA
Poplar Grove,Illinois,USA
Elmhurst,Illinois,USA
Hamburg,Illinois,USA
Harwood Heights,Illinois,USA
Atlanta,Illinois,USA
Homer,Illinois,USA
Mason City,Illinois,USA
Bay View Gardens,Illinois,USA
Freeport,Illinois,USA
Augusta,Illinois,USA
Grayville,Illinois,USA
Romeoville,Illinois,USA
Kewanee,Illinois,USA
Lawrenceville,Illinois,USA
Crystal Lake,Illinois,USA
Belle Prairie City,Illinois,USA
Winnetka,Illinois,USA
Ava,Illinois,USA
Ransom,Illinois,USA
Palos Park,Illinois,USA
Caseyville,Illinois,USA
North Barrington,Illinois,USA
Rockwood,Illinois,USA
Little York,Illinois,USA
Campus,Illinois,USA
Stonington,Illinois,USA
Columbia,Illinois,USA
Raymond,Illinois,USA
Windsor,Illinois,USA
Adeline,Illinois,USA
Grafton,Illinois,USA
Oak Park,Illinois,USA
Ashley,Illinois,USA
Philo,Illinois,USA
Oneida,Illinois,USA
Willisville,Illinois,USA
Sugar Grove,Illinois,USA
Fox Lake Hills,Illinois,USA
North City,Illinois,USA
North Utica,Illinois,USA
Geneseo,Illinois,USA
Carbon Cliff,Illinois,USA
Shiloh,Illinois,USA
Grandview,Illinois,USA
St. Joseph,Illinois,USA
Aledo,Illinois,USA
Winchester,Illinois,USA
Eldorado,Illinois,USA
Gridley,Illinois,USA
Ullin,Illinois,USA
Enfield,Illinois,USA
Riverside,Illinois,USA
Rock Falls,Illinois,USA
Centreville,Illinois,USA
Versailles,Illinois,USA
Lake Camelot,Illinois,USA
Grant Park,Illinois,USA
Belgium,Illinois,USA
Joliet,Illinois,USA
Jewett,Illinois,USA
Lincoln,Illinois,USA
Rosewood Heights,Illinois,USA
Cutler,Illinois,USA
New Milford,Illinois,USA
Plattville,Illinois,USA
Arenzville,Illinois,USA
Millbrook,Illinois,USA
White Hall,Illinois,USA
Mound Station,Illinois,USA
West Chicago,Illinois,USA
Minier,Illinois,USA
Clifton,Illinois,USA
Millington,Illinois,USA
Mill Shoals,Illinois,USA
Camden,Illinois,USA
Bedford Park,Illinois,USA
Atkinson,Illinois,USA
Palatine,Illinois,USA
Mount Prospect,Illinois,USA
Findlay,Illinois,USA
Williamson,Illinois,USA
Illiopolis,Illinois,USA
Evergreen Park,Illinois,USA
Indian Head Park,Illinois,USA
Washburn,Illinois,USA
Old Mill Creek,Illinois,USA
Hooppole,Illinois,USA
Addison,Illinois,USA
Prairie du Rocher,Illinois,USA
Kingston,Illinois,USA
Park Ridge,Illinois,USA
Dawson,Illinois,USA
Erie,Illinois,USA
Ina,Illinois,USA
Coffeen,Illinois,USA
Arcola,Illinois,USA
Leland Grove,Illinois,USA
New Canton,Illinois,USA
Lenzburg,Illinois,USA
Kirkwood,Illinois,USA
Westfield,Illinois,USA
Maeystown,Illinois,USA
Montrose,Illinois,USA
Gorham,Illinois,USA
Galesburg,Illinois,USA
De Witt,Illinois,USA
Simpson,Illinois,USA
Trenton,Georgia,USA
Arnoldsville,Georgia,USA
Hoschton,Georgia,USA
Thomasville,Georgia,USA
McRae-Helena,Georgia,USA
Royston,Georgia,USA
Pooler,Georgia,USA
Waynesboro,Georgia,USA
Gillsville,Georgia,USA
Rest Haven,Georgia,USA
Winder,Georgia,USA
Fort Oglethorpe,Georgia,USA
Walthourville,Georgia,USA
Yonah,Georgia,USA
Avera,Georgia,USA
Maxeys,Georgia,USA
Irondale,Georgia,USA
Midway,Georgia,USA
Lithia Springs,Georgia,USA
Claxton,Georgia,USA
Chamblee,Georgia,USA
Turin,Georgia,USA
Broxton,Georgia,USA
Berlin,Georgia,USA
Tunnel Hill,Georgia,USA
Norwood,Georgia,USA
Climax,Georgia,USA
Lincolnton,Georgia,USA
Mountain City,Georgia,USA
Louisville,Georgia,USA
Gordon,Georgia,USA
Adrian,Georgia,USA
Peachtree Corners,Georgia,USA
Menlo,Georgia,USA
Harlem,Georgia,USA
Suwanee,Georgia,USA
Damascus,Georgia,USA
Rockingham,Georgia,USA
Tignall,Georgia,USA
Santa Claus,Georgia,USA
Willacoochee,Georgia,USA
Varnell,Georgia,USA
Bartow,Georgia,USA
Concord,Georgia,USA
Milan,Georgia,USA
Porterdale,Georgia,USA
Shady Dale,Georgia,USA
