East Wenatchee,Washington,USA
Addy,Washington,USA
Minnehaha,Washington,USA
Bryn Mawr-Skyway,Washington,USA
Satsop,Washington,USA
Riverbend,Washington,USA
Easton,Washington,USA
Silverdale,Washington,USA
Napavine,Washington,USA
Lochsloy,Washington,USA
Ellensburg,Washington,USA
McKenna,Washington,USA
Fairfield,Washington,USA
Northwest Stanwood,Washington,USA
Mansfield,Washington,USA
Duvall,Washington,USA
Markham,Washington,USA
Waller,Washington,USA
Longview,Washington,USA
Richland,Washington,USA
Rosedale,Washington,USA
Vancouver,Washington,USA
Bethel,Washington,USA
Custer,Washington,USA
Lofall,Washington,USA
Fairwood,Washington,USA
Winlock,Washington,USA
Sumner,Washington,USA
Cottage Lake,Washington,USA
Puget Island,Washington,USA
Woods Creek,Washington,USA
Washougal,Washington,USA
Sisco Heights,Washington,USA
Canterwood,Washington,USA
Wapato,Washington,USA
Lower Elochoman,Washington,USA
Lake Goodwin,Washington,USA
Banks Lake South,Washington,USA
Kent,Washington,USA
Bickleton,Washington,USA
Ryderwood,Washington,USA
Cavalero,Washington,USA
La Conner,Washington,USA
Martha Lake,Washington,USA
George,Washington,USA
Snohomish,Washington,USA
Eatonville,Washington,USA
Carson,Washington,USA
Almira,Washington,USA
Nooksack,Washington,USA
Mount Vista,Washington,USA
High Bridge,Washington,USA
Lakeland South,Washington,USA
Kenmore,Washington,USA
Neah Bay,Washington,USA
Cliffdell,Washington,USA
Port Angeles East,Washington,USA
Burien,Washington,USA
Taholah,Washington,USA
Wauna,Washington,USA
Connell,Washington,USA
Disautel,Washington,USA
Santiago,Washington,USA
Orting,Washington,USA
Colville,Washington,USA
Marysville,Washington,USA
Walla Walla,Washington,USA
Zillah,Washington,USA
Curlew,Washington,USA
Key Center,Washington,USA
Hoodsport,Washington,USA
Spanaway,Washington,USA
Mattawa,Washington,USA
Clallam Bay,Washington,USA
Prairie Ridge,Washington,USA
Rockport,Washington,USA
Stansberry Lake,Washington,USA
Copalis Beach,Washington,USA
Frederickson,Washington,USA
Asotin,Washington,USA
Mill Creek,Washington,USA
Bell Hill,Washington,USA
Green Bluff,Washington,USA
Clayton,Washington,USA
Puyallup,Washington,USA
Hockinson,Washington,USA
Lake McMurray,Washington,USA
Bucoda,Washington,USA
Issaquah,Washington,USA
Odessa,Washington,USA
Hazel Dell,Washington,USA
McMillin,Washington,USA
Wilbur,Washington,USA
Skamokawa Valley,Washington,USA
Centerville,Washington,USA
Nile,Washington,USA
Spokane Valley,Washington,USA
Woodland,Washington,USA
Lewisville,Washington,USA
Vantage,Washington,USA
Gorst,Washington,USA
Lake Morton-Berrydale,Washington,USA
Ione,Washington,USA
Bothell West,Washington,USA
Vaughn,Washington,USA
Black Diamond,Washington,USA
Ferndale,Washington,USA
Acme,Washington,USA
White Center,Washington,USA
Fairchild AFB,Washington,USA
Pacific,Washington,USA
Glenwood,Washington,USA
Colfax,Washington,USA
Silvana,Washington,USA
Forks,Washington,USA
Kirkland,Washington,USA
Okanogan,Washington,USA
Kayak Point,Washington,USA
Union Hill-Novelty Hill,Washington,USA
Outlook,Washington,USA
Lake Tapps,Washington,USA
Cohassett Beach,Washington,USA
Tonasket,Washington,USA
Sunnyside,Washington,USA
Lakeview,Washington,USA
Carbonado,Washington,USA
Pullman,Washington,USA
Blyn,Washington,USA
Brinnon,Washington,USA
Friday Harbor,Washington,USA
Orchards,Washington,USA
Purdy,Washington,USA
Tekoa,Washington,USA
Tanner,Washington,USA
Thorp,Washington,USA
Artondale,Washington,USA
Liberty Lake,Washington,USA
Cheney,Washington,USA
Sammamish,Washington,USA
Cle Elum,Washington,USA
Fern Prairie,Washington,USA
Waverly,Washington,USA
Lakewood,Washington,USA
Lake Marcel-Stillwater,Washington,USA
Central Park,Washington,USA
Bridgeport,Washington,USA
Raft Island,Washington,USA
Larch Way,Washington,USA
Lake Bosworth,Washington,USA
Barberton,Washington,USA
Sekiu,Washington,USA
Brier,Washington,USA
Spokane,Washington,USA
Fall City,Washington,USA
Pasco,Washington,USA
Lyman,Washington,USA
Oakville,Washington,USA
Dash Point,Washington,USA
Herron Island,Washington,USA
West Clarkston-Highland,Washington,USA
Royal City,Washington,USA
Venersborg,Washington,USA
Hoquiam,Washington,USA
Willapa,Washington,USA
Quilcene,Washington,USA
Freeland,Washington,USA
McCleary,Washington,USA
Roosevelt,Washington,USA
Long Beach,Washington,USA
Trout Lake,Washington,USA
Coulee Dam,Washington,USA
Swede Heaven,Washington,USA
Pine Grove,Washington,USA
Langley,Washington,USA
Sedro-Woolley,Washington,USA
Hatton,Washington,USA
Entiat,Washington,USA
Bainbridge Island,Washington,USA
Auburn,Washington,USA
Ocean City,Washington,USA
White Swan,Washington,USA
Felida,Washington,USA
Lacey,Washington,USA
Gold Bar,Washington,USA
Clyde Hill,Washington,USA
Upper Elochoman,Washington,USA
Marcus,Washington,USA
Canyon Creek,Washington,USA
Malone,Washington,USA
Bothell East,Washington,USA
Yarrow Point,Washington,USA
Steptoe,Washington,USA
West Richland,Washington,USA
Orient,Washington,USA
Federal Way,Washington,USA
Pe Ell,Washington,USA
Deep River,Washington,USA
Bothell,Washington,USA
South Wenatchee,Washington,USA
Snoqualmie Pass,Washington,USA
Hartline,Washington,USA
Lake Forest Park,Washington,USA
Crocker,Washington,USA
Elbe,Washington,USA
Ravensdale,Washington,USA
Arlington,Washington,USA
McChord AFB,Washington,USA
Lebam,Washington,USA
Lynden,Washington,USA
Coupeville,Washington,USA
Prescott,Washington,USA
South Bend,Washington,USA
Mabton,Washington,USA
North Bend,Washington,USA
Grapeview,Washington,USA
Garfield,Washington,USA
Rochester,Washington,USA
Dayton,Washington,USA
Algona,Washington,USA
Mineral,Washington,USA
Barstow,Washington,USA
Moclips,Washington,USA
Bellingham,Washington,USA
Vader,Washington,USA
North Lynnwood,Washington,USA
Tracyton,Washington,USA
White Salmon,Washington,USA
Peaceful Valley,Washington,USA
East Renton Highlands,Washington,USA
Metaline,Washington,USA
Deming,Washington,USA
Medical Lake,Washington,USA
Aberdeen,Washington,USA
Chehalis,Washington,USA
Onalaska,Washington,USA
Toledo,Washington,USA
Everson,Washington,USA
Belfair,Washington,USA
Lynnwood,Washington,USA
Colton,Washington,USA
Malden,Washington,USA
Ames Lake,Washington,USA
Wilson Creek,Washington,USA
North Yelm,Washington,USA
Mirrormont,Washington,USA
Whidbey Island Station,Washington,USA
Town and Country,Washington,USA
Tokeland,Washington,USA
Snoqualmie,Washington,USA
Bremerton,Washington,USA
East Cathlamet,Washington,USA
Fort Lewis,Washington,USA
Salmon Creek,Washington,USA
Skykomish,Washington,USA
Tacoma,Washington,USA
Monroe,Washington,USA
Loomis,Washington,USA
Pomeroy,Washington,USA
Brush Prairie,Washington,USA
Silver Firs,Washington,USA
Nespelem,Washington,USA
Meadowdale,Washington,USA
Shadow Lake,Washington,USA
LaCrosse,Washington,USA
Concrete,Washington,USA
Sumas,Washington,USA
Ruston,Washington,USA
La Center,Washington,USA
Marrowstone,Washington,USA
Chelan Falls,Washington,USA
Lake Cavanaugh,Washington,USA
Duluth,Washington,USA
Sequim,Washington,USA
Benton City,Washington,USA
Moses Lake,Washington,USA
Fircrest,Washington,USA
Othello,Washington,USA
Mercer Island,Washington,USA
Enumclaw,Washington,USA
Chico,Washington,USA
Enetai,Washington,USA
Hunts Point,Washington,USA
Clinton,Washington,USA
Hat Island,Washington,USA
Marietta-Alderwood,Washington,USA
Waitsburg,Washington,USA
Sunnyslope,Washington,USA
South Cle Elum,Washington,USA
Selah,Washington,USA
Lind,Washington,USA
Five Corners,Washington,USA
Winthrop,Washington,USA
Normandy Park,Washington,USA
Home,Washington,USA
Graham,Washington,USA
Yacolt,Washington,USA
Packwood,Washington,USA
Queets,Washington,USA
Finley,Washington,USA
Northport,Washington,USA
Medina,Washington,USA
Browns Point,Washington,USA
Summit,Washington,USA
Albion,Washington,USA
Sudden Valley,Washington,USA
Bunk Foss,Washington,USA
Gleed,Washington,USA
Maryhill,Washington,USA
Oyehut,Washington,USA
Alder,Washington,USA
Ridgefield,Washington,USA
Bryant,Washington,USA
Nisqually Indian Community,Washington,USA
Porter,Washington,USA
Kettle Falls,Washington,USA
Chelan,Washington,USA
Edison,Washington,USA
Neilton,Washington,USA
Fox Island,Washington,USA
Renton,Washington,USA
Baring,Washington,USA
Hobart,Washington,USA
Wallula,Washington,USA
Touchet,Washington,USA
Leavenworth,Washington,USA
Fobes Hill,Washington,USA
Harrington,Washington,USA
Port Orchard,Washington,USA
Alderwood Manor,Washington,USA
Kennewick,Washington,USA
Ahtanum,Washington,USA
Wilderness Rim,Washington,USA
Machias,Washington,USA
Bingen,Washington,USA
Four Lakes,Washington,USA
Springdale,Washington,USA
Washtucna,Washington,USA
Covington,Washington,USA
Allyn,Washington,USA
North Sultan,Washington,USA
Union Gap,Washington,USA
Shelton,Washington,USA
Chinook,Washington,USA
Blaine,Washington,USA
Port Hadlock-Irondale,Washington,USA
Burley,Washington,USA
Mount Vernon,Washington,USA
Electric City,Washington,USA
Ronald,Washington,USA
Nespelem Community,Washington,USA
Amanda Park,Washington,USA
Clarkston Heights-Vineland,Washington,USA
Boulevard Park,Washington,USA
Big Lake,Washington,USA
Boyds,Washington,USA
Parkwood,Washington,USA
Deer Park,Washington,USA
Humptulips,Washington,USA
SeaTac,Washington,USA
Maple Valley,Washington,USA
Millwood,Washington,USA
Point Roberts,Washington,USA
Dixie,Washington,USA
East Port Orchard,Washington,USA
Morton,Washington,USA
Alger,Washington,USA
Kahlotus,Washington,USA
Fife Heights,Washington,USA
Cherry Grove,Washington,USA
Clearview,Washington,USA
Greenwater,Washington,USA
Picnic Point,Washington,USA
Kendall,Washington,USA
Seabeck,Washington,USA
Startup,Washington,USA
Fenwick Island,Delaware,USA
Delmar,Delaware,USA
Ardencroft,Delaware,USA
Farmington,Delaware,USA
Felton,Delaware,USA
Hartly,Delaware,USA
Pike Creek,Delaware,USA
Millville,Delaware,USA
Highland Acres,Delaware,USA
Rising Sun-Lebanon,Delaware,USA
Little Creek,Delaware,USA
Magnolia,Delaware,USA
Greenville,Delaware,USA
Elsmere,Delaware,USA
Harrington,Delaware,USA
Seaford,Delaware,USA
Dover Base Housing,Delaware,USA
Dagsboro,Delaware,USA
Milford,Delaware,USA
Bridgeville,Delaware,USA
Bellefonte,Delaware,USA
Smyrna,Delaware,USA
Wilmington Manor,Delaware,USA
New Castle,Delaware,USA
Bowers,Delaware,USA
Bethel,Delaware,USA
Selbyville,Delaware,USA
Houston,Delaware,USA
Woodside East,Delaware,USA
Viola,Delaware,USA
Dewey Beach,Delaware,USA
Newport,Delaware,USA
Bethany Beach,Delaware,USA
Edgemoor,Delaware,USA
Townsend,Delaware,USA
Georgetown,Delaware,USA
Kenton,Delaware,USA
Greenwood,Delaware,USA
North Star,Delaware,USA
Slaughter Beach,Delaware,USA
Middletown,Delaware,USA
Blades,Delaware,USA
Frederica,Delaware,USA
Rehoboth Beach,Delaware,USA
Milton,Delaware,USA
Steilacoom,Washington,USA
Lamont,Washington,USA
Bay View,Washington,USA
Valley,Washington,USA
North Marysville,Washington,USA
Brady,Washington,USA
May Creek,Washington,USA
Clear Lake,Washington,USA
Keller,Washington,USA
Redmond,Washington,USA
Ilwaco,Washington,USA
Mountlake Terrace,Washington,USA
Parker,Washington,USA
Soap Lake,Washington,USA
Grand Mound,Washington,USA
Manchester,Washington,USA
Prairie Heights,Washington,USA
Verlot,Washington,USA
North Omak,Washington,USA
Naches,Washington,USA
Summitview,Washington,USA
Clover Creek,Washington,USA
Prosser,Washington,USA
Naselle,Washington,USA
Rock Island,Washington,USA
Goldendale,Washington,USA
Maltby,Washington,USA
Oak Harbor,Washington,USA
Tanglewilde,Washington,USA
Endicott,Washington,USA
Mill Creek East,Washington,USA
Maple Heights-Lake Desire,Washington,USA
Midland,Washington,USA
Kingston,Washington,USA
Esperance,Washington,USA
Grays River,Washington,USA
Sultan,Washington,USA
La Grande,Washington,USA
Ritzville,Washington,USA
Malott,Washington,USA
Coulee City,Washington,USA
Raymond,Washington,USA
Wollochet,Washington,USA
Quincy,Washington,USA
Walla Walla East,Washington,USA
Hamilton,Washington,USA
Woodinville,Washington,USA
Bay Center,Washington,USA
Port Townsend,Washington,USA
Riverside,Washington,USA
Woodway,Washington,USA
Qui-nai-elt Village,Washington,USA
Stevenson,Washington,USA
Ocean Park,Washington,USA
Port Angeles,Washington,USA
Bonney Lake,Washington,USA
Oroville,Washington,USA
Garrett,Washington,USA
Otis Orchards-East Farms,Washington,USA
Warm Beach,Washington,USA
Twin Lakes,Washington,USA
Conway,Washington,USA
College Place,Washington,USA
Eastmont,Washington,USA
Maple Falls,Washington,USA
Ephrata,Washington,USA
Buena,Washington,USA
Tumwater,Washington,USA
Desert Aire,Washington,USA
Lake Holm,Washington,USA
Mukilteo,Washington,USA
Twisp,Washington,USA
Lake Shore,Washington,USA
Keyport,Washington,USA
Lake Stevens,Washington,USA
Starbuck,Washington,USA
Harrah,Washington,USA
Hansville,Washington,USA
Carlsborg,Washington,USA
Yelm,Washington,USA
